username|userid|age|sex|height|weight|credibility|drug1|adverseeffect1|drug2|adverseeffect2|drugusage
Cathleen|1|41|female|157|61|6|Aspirin|Chest_pain, Asthma|Voltaren/Diclofenac|Chest_pain, Depression|Aspirin->Chest_pain, Asthma ; Voltaren/Diclofenac->Chest_pain, Depression
Liberty|2|35|female|163|97|3|Dopamine|Hunger, Headache|Panadol/Acetaminophen|Redness, Migraine|Dopamine->Hunger, Headache ; Panadol/Acetaminophen->Redness, Migraine
Linda|3|52|female|172|66|9|Aspirin|Headache, Malaise|Voltaren/Diclofenac|Vomiting, Headache|Aspirin->Headache, Malaise ; Voltaren/Diclofenac->Vomiting, Headache
Remedios|4|29|female|175|66|8|Ibuprofen|Vomiting, Vertigo|Nitroglycerin|Diabetic, Ulcer|Ibuprofen->Vomiting, Vertigo ; Nitroglycerin->Diabetic, Ulcer
Ayanna|5|34|female|191|108|9|Insulin|Anxiety, Chest_pain|Xanax/Alprazolam|Diabetic, Chest_pain|Insulin->Anxiety, Chest_pain ; Xanax/Alprazolam->Diabetic, Chest_pain
Hollee|6|32|female|181|115|6|Dopamine|Hypersensitivity, Malaise|Parol|Headache, Ulcer|Dopamine->Hypersensitivity, Malaise ; Parol->Headache, Ulcer
Raya|7|22|female|154|99|1|Baclofen|Vertigo, Diabetic|Voltaren/Diclofenac|Coma, Diarrhoea|Baclofen->Vertigo, Diabetic ; Voltaren/Diclofenac->Coma, Diarrhoea
Josephine|8|56|female|199|92|5|Diazepam|Ulcer, Malaise|Ventolin/Salbutamol|Dizziness, Headache|Diazepam->Ulcer, Malaise ; Ventolin/Salbutamol->Dizziness, Headache
Lucy|9|59|female|182|107|7|Ibuprofen|Redness, Shock|Zovirax/Acyclovir|Vomiting, Dizziness|Ibuprofen->Redness, Shock ; Zovirax/Acyclovir->Vomiting, Dizziness
Haviva|10|38|female|190|95|6|Epinephrine|Hypertension, Headache|Xanax/Alprazolam|Diabetic, Asthma|Epinephrine->Hypertension, Headache ; Xanax/Alprazolam->Diabetic, Asthma
Ruby|11|56|female|153|64|3|Epinephrine|Vomiting, Asthma|Parol|Shock, Anxiety|Epinephrine->Vomiting, Asthma ; Parol->Shock, Anxiety
Risa|12|67|female|164|119|1|Baclofen|Diabetic, Diarrhoea|Panadol/Acetaminophen|Hypersensitivity, Vomiting|Baclofen->Diabetic, Diarrhoea ; Panadol/Acetaminophen->Hypersensitivity, Vomiting
Wyoming|13|25|female|171|89|9|Epinephrine|Ear_pain, Depression|Voltaren/Diclofenac|Hypersensitivity, Ulcer|Epinephrine->Ear_pain, Depression ; Voltaren/Diclofenac->Hypersensitivity, Ulcer
Urielle|14|69|female|164|113|2|EpiPen|Ear_pain, Hunger|Voltaren/Diclofenac|Ear_pain, Coma|EpiPen->Ear_pain, Hunger ; Voltaren/Diclofenac->Ear_pain, Coma
Maile|15|59|female|181|62|4|Ibuprofen|Dizziness, Diarrhoea|Xanax/Alprazolam|Shock, Sweating|Ibuprofen->Dizziness, Diarrhoea ; Xanax/Alprazolam->Shock, Sweating
Cailin|16|26|female|193|107|8|Dopamine|Coma, Malaise|Zyrtec/Cetirizine|Migraine, Hypertension|Dopamine->Coma, Malaise ; Zyrtec/Cetirizine->Migraine, Hypertension
Piper|17|41|female|200|93|10|Dopamine|Depression, Hunger|Sertralin|Hypersensitivity, Hunger|Dopamine->Depression, Hunger ; Sertralin->Hypersensitivity, Hunger
Ulla|18|46|female|167|74|8|Aspirin|Hunger, Migraine|Zovirax/Acyclovir|Ear_pain, Migraine|Aspirin->Hunger, Migraine ; Zovirax/Acyclovir->Ear_pain, Migraine
Xyla|19|28|female|200|84|4|EpiPen|Hypertension, Hypersensitivity|Xanax/Alprazolam|Redness, Shock|EpiPen->Hypertension, Hypersensitivity ; Xanax/Alprazolam->Redness, Shock
Shay|20|55|female|193|108|10|Ibuprofen|Hypertension, Coma|Zovirax/Acyclovir|Chest_pain, Asthma|Ibuprofen->Hypertension, Coma ; Zovirax/Acyclovir->Chest_pain, Asthma
Tana|21|70|female|159|64|2|Baclofen|Malaise, Diarrhoea|Xanax/Alprazolam|Dizziness, Chest_pain|Baclofen->Malaise, Diarrhoea ; Xanax/Alprazolam->Dizziness, Chest_pain
Maile|22|70|female|196|65|8|Dexpanthenol|Ulcer, Hunger|Ventolin/Salbutamol|Migraine, Depression|Dexpanthenol->Ulcer, Hunger ; Ventolin/Salbutamol->Migraine, Depression
Mara|23|36|female|194|115|4|EpiPen|Ear_pain, Redness|Nitroglycerin|Hypertension, Hypersensitivity|EpiPen->Ear_pain, Redness ; Nitroglycerin->Hypertension, Hypersensitivity
Guinevere|24|56|female|165|94|3|Dopamine|Headache, Shock|Voltaren/Diclofenac|Anxiety, Vomiting|Dopamine->Headache, Shock ; Voltaren/Diclofenac->Anxiety, Vomiting
Medge|25|29|female|151|107|2|Baclofen|Sweating, Hypertension|Panadol/Acetaminophen|Tremor, Asthma|Baclofen->Sweating, Hypertension ; Panadol/Acetaminophen->Tremor, Asthma
Autumn|26|47|female|167|92|4|Baclofen|Hypersensitivity, Hypertension|Xanax/Alprazolam|Depression, Migraine|Baclofen->Hypersensitivity, Hypertension ; Xanax/Alprazolam->Depression, Migraine
Yoko|27|55|female|176|74|3|Majezik|Depression, Hypertension|Parol|Headache, Malaise|Majezik->Depression, Hypertension ; Parol->Headache, Malaise
Larissa|28|51|female|158|73|1|Dexpanthenol|Shock, Vertigo|Ventolin/Salbutamol|Hypersensitivity, Diarrhoea|Dexpanthenol->Shock, Vertigo ; Ventolin/Salbutamol->Hypersensitivity, Diarrhoea
Cara|29|70|female|192|78|2|Dexpanthenol|Anxiety, Asthma|Zovirax/Acyclovir|Shock, Chest_pain|Dexpanthenol->Anxiety, Asthma ; Zovirax/Acyclovir->Shock, Chest_pain
Bianca|30|70|female|193|108|4|Ibuprofen|Headache, Ulcer|Sertralin|Hypersensitivity, Asthma|Ibuprofen->Headache, Ulcer ; Sertralin->Hypersensitivity, Asthma
Candice|31|30|female|196|92|1|Baclofen|Ear_pain, Hypersensitivity|Panadol/Acetaminophen|Vomiting, Ear_pain|Baclofen->Ear_pain, Hypersensitivity ; Panadol/Acetaminophen->Vomiting, Ear_pain
Harriet|32|29|female|157|64|6|Insulin|Vomiting, Diarrhoea|Voltaren/Diclofenac|Asthma, Diarrhoea|Insulin->Vomiting, Diarrhoea ; Voltaren/Diclofenac->Asthma, Diarrhoea
Willow|33|29|female|157|99|5|EpiPen|Malaise, Diarrhoea|Parol|Anxiety, Hypersensitivity|EpiPen->Malaise, Diarrhoea ; Parol->Anxiety, Hypersensitivity
Zelenia|34|52|female|193|59|5|EpiPen|Hunger, Vertigo|Zovirax/Acyclovir|Headache, Diarrhoea|EpiPen->Hunger, Vertigo ; Zovirax/Acyclovir->Headache, Diarrhoea
Angela|35|42|female|181|67|10|Ibuprofen|Redness, Anxiety|Sertralin|Hypertension, Tremor|Ibuprofen->Redness, Anxiety ; Sertralin->Hypertension, Tremor
Germaine|36|27|female|163|103|1|Majezik|Hypersensitivity, Sweating|Nitroglycerin|Asthma, Tremor|Majezik->Hypersensitivity, Sweating ; Nitroglycerin->Asthma, Tremor
Noel|37|24|female|187|109|1|Ibuprofen|Shock, Chest_pain|Vasopressin|Hunger, Migraine|Ibuprofen->Shock, Chest_pain ; Vasopressin->Hunger, Migraine
Madaline|38|60|female|150|114|3|Aspirin|Diarrhoea, Headache|Sertralin|Hunger, Headache|Aspirin->Diarrhoea, Headache ; Sertralin->Hunger, Headache
Mechelle|39|29|female|159|64|4|EpiPen|Hunger, Sweating|Voltaren/Diclofenac|Diabetic, Shock|EpiPen->Hunger, Sweating ; Voltaren/Diclofenac->Diabetic, Shock
Ciara|40|54|female|185|70|6|Baclofen|Ulcer, Hunger|Ventolin/Salbutamol|Redness, Ear_pain|Baclofen->Ulcer, Hunger ; Ventolin/Salbutamol->Redness, Ear_pain
Ingrid|41|30|female|169|112|10|Baclofen|Malaise, Headache|Zyrtec/Cetirizine|Ulcer, Anxiety|Baclofen->Malaise, Headache ; Zyrtec/Cetirizine->Ulcer, Anxiety
Quinn|42|63|female|150|57|2|Insulin|Shock, Anxiety|Vasopressin|Dizziness, Redness|Insulin->Shock, Anxiety ; Vasopressin->Dizziness, Redness
Blossom|43|25|female|157|55|7|EpiPen|Hypertension, Depression|Panadol/Acetaminophen|Anxiety, Redness|EpiPen->Hypertension, Depression ; Panadol/Acetaminophen->Anxiety, Redness
Keely|44|59|female|160|118|7|Aspirin|Hunger, Hypersensitivity|Voltaren/Diclofenac|Hunger, Diarrhoea|Aspirin->Hunger, Hypersensitivity ; Voltaren/Diclofenac->Hunger, Diarrhoea
Ori|45|36|female|163|55|1|Dexpanthenol|Sweating, Redness|Panadol/Acetaminophen|Hunger, Hypertension|Dexpanthenol->Sweating, Redness ; Panadol/Acetaminophen->Hunger, Hypertension
Blair|46|68|female|159|119|7|Epinephrine|Depression, Headache|Xanax/Alprazolam|Tremor, Sweating|Epinephrine->Depression, Headache ; Xanax/Alprazolam->Tremor, Sweating
Samantha|47|31|female|183|84|8|Aspirin|Coma, Headache|Zyrtec/Cetirizine|Migraine, Anxiety|Aspirin->Coma, Headache ; Zyrtec/Cetirizine->Migraine, Anxiety
Quincy|48|24|female|192|100|6|Aspirin|Diabetic, Redness|Xanax/Alprazolam|Malaise, Hunger|Aspirin->Diabetic, Redness ; Xanax/Alprazolam->Malaise, Hunger
Imani|49|68|female|150|90|2|Ibuprofen|Diabetic, Tremor|Zovirax/Acyclovir|Chest_pain, Tremor|Ibuprofen->Diabetic, Tremor ; Zovirax/Acyclovir->Chest_pain, Tremor
Raven|50|38|female|187|87|3|Dopamine|Redness, Tremor|Ventolin/Salbutamol|Asthma, Hypersensitivity|Dopamine->Redness, Tremor ; Ventolin/Salbutamol->Asthma, Hypersensitivity
Brianna|51|56|female|152|70|5|Aspirin|Ear_pain, Vomiting|Voltaren/Diclofenac|Diabetic, Coma|Aspirin->Ear_pain, Vomiting ; Voltaren/Diclofenac->Diabetic, Coma
Rana|52|32|female|178|82|9|Ibuprofen|Vertigo, Headache|Ventolin/Salbutamol|Diabetic, Migraine|Ibuprofen->Vertigo, Headache ; Ventolin/Salbutamol->Diabetic, Migraine
Leigh|53|29|female|167|80|9|Diazepam|Headache, Chest_pain|Zovirax/Acyclovir|Ulcer, Hunger|Diazepam->Headache, Chest_pain ; Zovirax/Acyclovir->Ulcer, Hunger
Ava|54|50|female|157|82|1|Diazepam|Redness, Malaise|Vasopressin|Ulcer, Shock|Diazepam->Redness, Malaise ; Vasopressin->Ulcer, Shock
Alika|55|33|female|158|78|6|Insulin|Hunger, Ulcer|Sertralin|Vertigo, Shock|Insulin->Hunger, Ulcer ; Sertralin->Vertigo, Shock
Lacota|56|69|female|195|120|2|Epinephrine|Vertigo, Anxiety|Ventolin/Salbutamol|Asthma, Diarrhoea|Epinephrine->Vertigo, Anxiety ; Ventolin/Salbutamol->Asthma, Diarrhoea
Nomlanga|57|47|female|191|111|5|Aspirin|Ulcer, Tremor|Parol|Shock, Redness|Aspirin->Ulcer, Tremor ; Parol->Shock, Redness
Virginia|58|44|female|150|77|4|Baclofen|Ulcer, Asthma|Parol|Ear_pain, Chest_pain|Baclofen->Ulcer, Asthma ; Parol->Ear_pain, Chest_pain
Deirdre|59|25|female|190|90|7|Diazepam|Ear_pain, Diarrhoea|Xanax/Alprazolam|Anxiety, Coma|Diazepam->Ear_pain, Diarrhoea ; Xanax/Alprazolam->Anxiety, Coma
Lana|60|40|female|198|101|5|Ibuprofen|Coma, Ulcer|Ventolin/Salbutamol|Diabetic, Ulcer|Ibuprofen->Coma, Ulcer ; Ventolin/Salbutamol->Diabetic, Ulcer
Yvette|61|42|female|192|67|10|Majezik|Shock, Diarrhoea|Zovirax/Acyclovir|Hypertension, Headache|Majezik->Shock, Diarrhoea ; Zovirax/Acyclovir->Hypertension, Headache
Danielle|62|34|female|160|108|10|Epinephrine|Hunger, Hypertension|Ventolin/Salbutamol|Vomiting, Ulcer|Epinephrine->Hunger, Hypertension ; Ventolin/Salbutamol->Vomiting, Ulcer
Hope|63|29|female|166|117|4|Diazepam|Malaise, Chest_pain|Panadol/Acetaminophen|Diabetic, Hypersensitivity|Diazepam->Malaise, Chest_pain ; Panadol/Acetaminophen->Diabetic, Hypersensitivity
Darrel|64|43|female|151|68|1|EpiPen|Coma, Diarrhoea|Xanax/Alprazolam|Asthma, Hunger|EpiPen->Coma, Diarrhoea ; Xanax/Alprazolam->Asthma, Hunger
Hillary|65|30|female|185|55|8|Epinephrine|Depression, Anxiety|Sertralin|Hunger, Asthma|Epinephrine->Depression, Anxiety ; Sertralin->Hunger, Asthma
Ainsley|66|46|female|173|74|5|Insulin|Shock, Ulcer|Sertralin|Coma, Diabetic|Insulin->Shock, Ulcer ; Sertralin->Coma, Diabetic
Ginger|67|50|female|197|69|8|Epinephrine|Tremor, Vomiting|Parol|Tremor, Hypersensitivity|Epinephrine->Tremor, Vomiting ; Parol->Tremor, Hypersensitivity
Alea|68|45|female|196|83|2|Insulin|Redness, Depression|Zyrtec/Cetirizine|Hypertension, Dizziness|Insulin->Redness, Depression ; Zyrtec/Cetirizine->Hypertension, Dizziness
Joelle|69|52|female|193|108|4|Majezik|Coma, Tremor|Nitroglycerin|Ulcer, Ear_pain|Majezik->Coma, Tremor ; Nitroglycerin->Ulcer, Ear_pain
Leslie|70|70|female|177|81|2|Majezik|Redness, Hypertension|Sertralin|Ear_pain, Diabetic|Majezik->Redness, Hypertension ; Sertralin->Ear_pain, Diabetic
Maris|71|48|female|171|118|8|Epinephrine|Sweating, Tremor|Nitroglycerin|Ear_pain, Malaise|Epinephrine->Sweating, Tremor ; Nitroglycerin->Ear_pain, Malaise
Lee|72|18|female|196|86|3|Insulin|Coma, Shock|Vasopressin|Diarrhoea, Coma|Insulin->Coma, Shock ; Vasopressin->Diarrhoea, Coma
Samantha|73|48|female|198|109|4|Ibuprofen|Ulcer, Diabetic|Vasopressin|Tremor, Malaise|Ibuprofen->Ulcer, Diabetic ; Vasopressin->Tremor, Malaise
Nell|74|32|female|188|57|8|Aspirin|Sweating, Hunger|Panadol/Acetaminophen|Shock, Migraine|Aspirin->Sweating, Hunger ; Panadol/Acetaminophen->Shock, Migraine
Hermione|75|38|female|198|109|1|Majezik|Hunger, Depression|Vasopressin|Ear_pain, Shock|Majezik->Hunger, Depression ; Vasopressin->Ear_pain, Shock
Caryn|76|41|female|166|66|2|Baclofen|Hunger, Vertigo|Vasopressin|Anxiety, Migraine|Baclofen->Hunger, Vertigo ; Vasopressin->Anxiety, Migraine
Xandra|77|45|female|159|80|1|Majezik|Ulcer, Diarrhoea|Parol|Hypertension, Hunger|Majezik->Ulcer, Diarrhoea ; Parol->Hypertension, Hunger
Rana|78|44|female|178|113|4|Dopamine|Hypersensitivity, Anxiety|Nitroglycerin|Shock, Headache|Dopamine->Hypersensitivity, Anxiety ; Nitroglycerin->Shock, Headache
Haviva|79|54|female|200|59|2|EpiPen|Tremor, Depression|Panadol/Acetaminophen|Chest_pain, Asthma|EpiPen->Tremor, Depression ; Panadol/Acetaminophen->Chest_pain, Asthma
Kyra|80|53|female|156|88|4|Ibuprofen|Asthma, Hypertension|Sertralin|Ulcer, Vomiting|Ibuprofen->Asthma, Hypertension ; Sertralin->Ulcer, Vomiting
Pamela|81|49|female|174|62|8|Dexpanthenol|Malaise, Anxiety|Ventolin/Salbutamol|Chest_pain, Coma|Dexpanthenol->Malaise, Anxiety ; Ventolin/Salbutamol->Chest_pain, Coma
Iona|82|56|female|152|113|2|EpiPen|Depression, Hunger|Vasopressin|Coma, Vertigo|EpiPen->Depression, Hunger ; Vasopressin->Coma, Vertigo
Tallulah|83|50|female|159|65|4|Insulin|Redness, Vomiting|Vasopressin|Redness, Anxiety|Insulin->Redness, Vomiting ; Vasopressin->Redness, Anxiety
Lara|84|62|female|174|92|7|Insulin|Hunger, Redness|Nitroglycerin|Coma, Sweating|Insulin->Hunger, Redness ; Nitroglycerin->Coma, Sweating
Octavia|85|43|female|174|77|9|Epinephrine|Malaise, Diabetic|Sertralin|Hypertension, Migraine|Epinephrine->Malaise, Diabetic ; Sertralin->Hypertension, Migraine
Abra|86|27|female|162|85|7|Diazepam|Sweating, Headache|Parol|Tremor, Anxiety|Diazepam->Sweating, Headache ; Parol->Tremor, Anxiety
Brenda|87|50|female|172|79|8|Majezik|Hypersensitivity, Dizziness|Ventolin/Salbutamol|Ulcer, Sweating|Majezik->Hypersensitivity, Dizziness ; Ventolin/Salbutamol->Ulcer, Sweating
Colette|88|63|female|159|96|10|Dexpanthenol|Vomiting, Redness|Ventolin/Salbutamol|Malaise, Chest_pain|Dexpanthenol->Vomiting, Redness ; Ventolin/Salbutamol->Malaise, Chest_pain
Heather|89|70|female|177|113|7|Epinephrine|Vomiting, Dizziness|Parol|Tremor, Hunger|Epinephrine->Vomiting, Dizziness ; Parol->Tremor, Hunger
Xandra|90|21|female|186|117|8|Ibuprofen|Malaise, Hypertension|Ventolin/Salbutamol|Vomiting, Coma|Ibuprofen->Malaise, Hypertension ; Ventolin/Salbutamol->Vomiting, Coma
Aphrodite|91|34|female|154|79|9|Aspirin|Diabetic, Ear_pain|Parol|Hypertension, Chest_pain|Aspirin->Diabetic, Ear_pain ; Parol->Hypertension, Chest_pain
Leslie|92|66|female|171|92|1|Aspirin|Migraine, Ulcer|Sertralin|Malaise, Tremor|Aspirin->Migraine, Ulcer ; Sertralin->Malaise, Tremor
Cathleen|93|24|female|170|77|5|Dexpanthenol|Dizziness, Anxiety|Nitroglycerin|Anxiety, Chest_pain|Dexpanthenol->Dizziness, Anxiety ; Nitroglycerin->Anxiety, Chest_pain
Pamela|94|19|female|187|96|8|Insulin|Vomiting, Tremor|Ventolin/Salbutamol|Hunger, Vertigo|Insulin->Vomiting, Tremor ; Ventolin/Salbutamol->Hunger, Vertigo
Brenna|95|53|female|200|84|6|Majezik|Anxiety, Diarrhoea|Panadol/Acetaminophen|Ulcer, Dizziness|Majezik->Anxiety, Diarrhoea ; Panadol/Acetaminophen->Ulcer, Dizziness
Unity|96|23|female|155|88|5|EpiPen|Ear_pain, Headache|Zovirax/Acyclovir|Headache, Hypertension|EpiPen->Ear_pain, Headache ; Zovirax/Acyclovir->Headache, Hypertension
Jillian|97|54|female|177|105|8|Dopamine|Sweating, Hunger|Panadol/Acetaminophen|Depression, Hypersensitivity|Dopamine->Sweating, Hunger ; Panadol/Acetaminophen->Depression, Hypersensitivity
Imani|98|35|female|153|77|7|Aspirin|Hypersensitivity, Anxiety|Xanax/Alprazolam|Hypersensitivity, Hunger|Aspirin->Hypersensitivity, Anxiety ; Xanax/Alprazolam->Hypersensitivity, Hunger
Denise|99|57|female|170|74|3|Ibuprofen|Sweating, Redness|Zyrtec/Cetirizine|Dizziness, Hypertension|Ibuprofen->Sweating, Redness ; Zyrtec/Cetirizine->Dizziness, Hypertension
Nell|100|52|female|156|114|6|Aspirin|Migraine, Vertigo|Vasopressin|Ulcer, Redness|Aspirin->Migraine, Vertigo ; Vasopressin->Ulcer, Redness