<?xml version="1.0" encoding="UTF-8" ?><records>
	<record>
		<username>Sierra</username>
		<userid>1</userid>
		<age>19</age>
		<sex>female</sex>
		<height>181</height>
		<weight>101</weight>
		<credibility>4</credibility>
		<drug1>Dexpanthenol</drug1>
		<adverseeffect1>Hunger, Shock</adverseeffect1>
		<drug2>Zovirax/Acyclovir</drug2>
		<adverseeffect2>Headache, Shock</adverseeffect2>
		<drugusage>Dexpanthenol->Hunger, Shock ; Zovirax/Acyclovir->Headache, Shock</drugusage>
	</record>
	<record>
		<username>Candace</username>
		<userid>2</userid>
		<age>50</age>
		<sex>female</sex>
		<height>170</height>
		<weight>60</weight>
		<credibility>3</credibility>
		<drug1>Aspirin</drug1>
		<adverseeffect1>Vomiting, Ear_pain</adverseeffect1>
		<drug2>Zovirax/Acyclovir</drug2>
		<adverseeffect2>Dizziness, Hypersensitivity</adverseeffect2>
		<drugusage>Aspirin->Vomiting, Ear_pain ; Zovirax/Acyclovir->Dizziness, Hypersensitivity</drugusage>
	</record>
	<record>
		<username>Virginia</username>
		<userid>3</userid>
		<age>44</age>
		<sex>female</sex>
		<height>196</height>
		<weight>57</weight>
		<credibility>3</credibility>
		<drug1>Insulin</drug1>
		<adverseeffect1>Redness, Vomiting</adverseeffect1>
		<drug2>Ventolin/Salbutamol</drug2>
		<adverseeffect2>Vomiting, Hypersensitivity</adverseeffect2>
		<drugusage>Insulin->Redness, Vomiting ; Ventolin/Salbutamol->Vomiting, Hypersensitivity</drugusage>
	</record>
	<record>
		<username>Shoshana</username>
		<userid>4</userid>
		<age>64</age>
		<sex>female</sex>
		<height>197</height>
		<weight>86</weight>
		<credibility>6</credibility>
		<drug1>Aspirin</drug1>
		<adverseeffect1>Tremor, Redness</adverseeffect1>
		<drug2>Vasopressin</drug2>
		<adverseeffect2>Ear_pain, Coma</adverseeffect2>
		<drugusage>Aspirin->Tremor, Redness ; Vasopressin->Ear_pain, Coma</drugusage>
	</record>
	<record>
		<username>Virginia</username>
		<userid>5</userid>
		<age>63</age>
		<sex>female</sex>
		<height>169</height>
		<weight>90</weight>
		<credibility>8</credibility>
		<drug1>Majezik</drug1>
		<adverseeffect1>Vertigo, Asthma</adverseeffect1>
		<drug2>Nitroglycerin</drug2>
		<adverseeffect2>Hunger, Diarrhoea</adverseeffect2>
		<drugusage>Majezik->Vertigo, Asthma ; Nitroglycerin->Hunger, Diarrhoea</drugusage>
	</record>
	<record>
		<username>Eden</username>
		<userid>6</userid>
		<age>64</age>
		<sex>female</sex>
		<height>173</height>
		<weight>90</weight>
		<credibility>10</credibility>
		<drug1>Insulin</drug1>
		<adverseeffect1>Hypersensitivity, Vertigo</adverseeffect1>
		<drug2>Vasopressin</drug2>
		<adverseeffect2>Ulcer, Depression</adverseeffect2>
		<drugusage>Insulin->Hypersensitivity, Vertigo ; Vasopressin->Ulcer, Depression</drugusage>
	</record>
	<record>
		<username>Kerry</username>
		<userid>7</userid>
		<age>21</age>
		<sex>female</sex>
		<height>197</height>
		<weight>116</weight>
		<credibility>4</credibility>
		<drug1>Aspirin</drug1>
		<adverseeffect1>Malaise, Redness</adverseeffect1>
		<drug2>Parol</drug2>
		<adverseeffect2>Hypersensitivity, Hunger</adverseeffect2>
		<drugusage>Aspirin->Malaise, Redness ; Parol->Hypersensitivity, Hunger</drugusage>
	</record>
	<record>
		<username>Yvette</username>
		<userid>8</userid>
		<age>42</age>
		<sex>female</sex>
		<height>168</height>
		<weight>94</weight>
		<credibility>9</credibility>
		<drug1>Epinephrine</drug1>
		<adverseeffect1>Dizziness, Coma</adverseeffect1>
		<drug2>Vasopressin</drug2>
		<adverseeffect2>Coma, Diabetic</adverseeffect2>
		<drugusage>Epinephrine->Dizziness, Coma ; Vasopressin->Coma, Diabetic</drugusage>
	</record>
	<record>
		<username>Hiroko</username>
		<userid>9</userid>
		<age>67</age>
		<sex>female</sex>
		<height>166</height>
		<weight>81</weight>
		<credibility>2</credibility>
		<drug1>Aspirin</drug1>
		<adverseeffect1>Headache, Shock</adverseeffect1>
		<drug2>Parol</drug2>
		<adverseeffect2>Hypertension, Vertigo</adverseeffect2>
		<drugusage>Aspirin->Headache, Shock ; Parol->Hypertension, Vertigo</drugusage>
	</record>
	<record>
		<username>Simone</username>
		<userid>10</userid>
		<age>57</age>
		<sex>female</sex>
		<height>151</height>
		<weight>79</weight>
		<credibility>7</credibility>
		<drug1>Aspirin</drug1>
		<adverseeffect1>Diabetic, Ulcer</adverseeffect1>
		<drug2>Ventolin/Salbutamol</drug2>
		<adverseeffect2>Depression, Anxiety</adverseeffect2>
		<drugusage>Aspirin->Diabetic, Ulcer ; Ventolin/Salbutamol->Depression, Anxiety</drugusage>
	</record>
	<record>
		<username>Ginger</username>
		<userid>11</userid>
		<age>51</age>
		<sex>female</sex>
		<height>159</height>
		<weight>117</weight>
		<credibility>1</credibility>
		<drug1>Aspirin</drug1>
		<adverseeffect1>Tremor, Headache</adverseeffect1>
		<drug2>Ventolin/Salbutamol</drug2>
		<adverseeffect2>Chest_pain, Ulcer</adverseeffect2>
		<drugusage>Aspirin->Tremor, Headache ; Ventolin/Salbutamol->Chest_pain, Ulcer</drugusage>
	</record>
	<record>
		<username>Sylvia</username>
		<userid>12</userid>
		<age>32</age>
		<sex>female</sex>
		<height>166</height>
		<weight>103</weight>
		<credibility>8</credibility>
		<drug1>Baclofen</drug1>
		<adverseeffect1>Depression, Diabetic</adverseeffect1>
		<drug2>Voltaren/Diclofenac</drug2>
		<adverseeffect2>Anxiety, Chest_pain</adverseeffect2>
		<drugusage>Baclofen->Depression, Diabetic ; Voltaren/Diclofenac->Anxiety, Chest_pain</drugusage>
	</record>
	<record>
		<username>Mariko</username>
		<userid>13</userid>
		<age>23</age>
		<sex>female</sex>
		<height>195</height>
		<weight>71</weight>
		<credibility>6</credibility>
		<drug1>EpiPen</drug1>
		<adverseeffect1>Shock, Vertigo</adverseeffect1>
		<drug2>Nitroglycerin</drug2>
		<adverseeffect2>Dizziness, Diabetic</adverseeffect2>
		<drugusage>EpiPen->Shock, Vertigo ; Nitroglycerin->Dizziness, Diabetic</drugusage>
	</record>
	<record>
		<username>Mallory</username>
		<userid>14</userid>
		<age>54</age>
		<sex>female</sex>
		<height>152</height>
		<weight>70</weight>
		<credibility>6</credibility>
		<drug1>Dopamine</drug1>
		<adverseeffect1>Diarrhoea, Hypersensitivity</adverseeffect1>
		<drug2>Vasopressin</drug2>
		<adverseeffect2>Vertigo, Anxiety</adverseeffect2>
		<drugusage>Dopamine->Diarrhoea, Hypersensitivity ; Vasopressin->Vertigo, Anxiety</drugusage>
	</record>
	<record>
		<username>Diana</username>
		<userid>15</userid>
		<age>69</age>
		<sex>female</sex>
		<height>187</height>
		<weight>55</weight>
		<credibility>4</credibility>
		<drug1>Dexpanthenol</drug1>
		<adverseeffect1>Vomiting, Sweating</adverseeffect1>
		<drug2>Parol</drug2>
		<adverseeffect2>Asthma, Dizziness</adverseeffect2>
		<drugusage>Dexpanthenol->Vomiting, Sweating ; Parol->Asthma, Dizziness</drugusage>
	</record>
	<record>
		<username>Hanae</username>
		<userid>16</userid>
		<age>38</age>
		<sex>female</sex>
		<height>187</height>
		<weight>115</weight>
		<credibility>7</credibility>
		<drug1>Ibuprofen</drug1>
		<adverseeffect1>Shock, Malaise</adverseeffect1>
		<drug2>Panadol/Acetaminophen</drug2>
		<adverseeffect2>Vertigo, Ulcer</adverseeffect2>
		<drugusage>Ibuprofen->Shock, Malaise ; Panadol/Acetaminophen->Vertigo, Ulcer</drugusage>
	</record>
	<record>
		<username>Laura</username>
		<userid>17</userid>
		<age>18</age>
		<sex>female</sex>
		<height>191</height>
		<weight>89</weight>
		<credibility>7</credibility>
		<drug1>EpiPen</drug1>
		<adverseeffect1>Redness, Shock</adverseeffect1>
		<drug2>Sertralin</drug2>
		<adverseeffect2>Vertigo, Coma</adverseeffect2>
		<drugusage>EpiPen->Redness, Shock ; Sertralin->Vertigo, Coma</drugusage>
	</record>
	<record>
		<username>Quail</username>
		<userid>18</userid>
		<age>20</age>
		<sex>female</sex>
		<height>193</height>
		<weight>105</weight>
		<credibility>3</credibility>
		<drug1>EpiPen</drug1>
		<adverseeffect1>Ulcer, Headache</adverseeffect1>
		<drug2>Xanax/Alprazolam</drug2>
		<adverseeffect2>Anxiety, Chest_pain</adverseeffect2>
		<drugusage>EpiPen->Ulcer, Headache ; Xanax/Alprazolam->Anxiety, Chest_pain</drugusage>
	</record>
	<record>
		<username>Margaret</username>
		<userid>19</userid>
		<age>42</age>
		<sex>female</sex>
		<height>164</height>
		<weight>100</weight>
		<credibility>2</credibility>
		<drug1>Dexpanthenol</drug1>
		<adverseeffect1>Sweating, Shock</adverseeffect1>
		<drug2>Zyrtec/Cetirizine</drug2>
		<adverseeffect2>Malaise, Diabetic</adverseeffect2>
		<drugusage>Dexpanthenol->Sweating, Shock ; Zyrtec/Cetirizine->Malaise, Diabetic</drugusage>
	</record>
	<record>
		<username>Hayley</username>
		<userid>20</userid>
		<age>61</age>
		<sex>female</sex>
		<height>172</height>
		<weight>95</weight>
		<credibility>8</credibility>
		<drug1>Aspirin</drug1>
		<adverseeffect1>Asthma, Coma</adverseeffect1>
		<drug2>Vasopressin</drug2>
		<adverseeffect2>Chest_pain, Malaise</adverseeffect2>
		<drugusage>Aspirin->Asthma, Coma ; Vasopressin->Chest_pain, Malaise</drugusage>
	</record>
	<record>
		<username>Virginia</username>
		<userid>21</userid>
		<age>22</age>
		<sex>female</sex>
		<height>188</height>
		<weight>85</weight>
		<credibility>3</credibility>
		<drug1>Majezik</drug1>
		<adverseeffect1>Diabetic, Malaise</adverseeffect1>
		<drug2>Vasopressin</drug2>
		<adverseeffect2>Chest_pain, Hypertension</adverseeffect2>
		<drugusage>Majezik->Diabetic, Malaise ; Vasopressin->Chest_pain, Hypertension</drugusage>
	</record>
	<record>
		<username>Melyssa</username>
		<userid>22</userid>
		<age>59</age>
		<sex>female</sex>
		<height>170</height>
		<weight>77</weight>
		<credibility>10</credibility>
		<drug1>Ibuprofen</drug1>
		<adverseeffect1>Malaise, Diabetic</adverseeffect1>
		<drug2>Vasopressin</drug2>
		<adverseeffect2>Diabetic, Redness</adverseeffect2>
		<drugusage>Ibuprofen->Malaise, Diabetic ; Vasopressin->Diabetic, Redness</drugusage>
	</record>
	<record>
		<username>Lacey</username>
		<userid>23</userid>
		<age>27</age>
		<sex>female</sex>
		<height>188</height>
		<weight>83</weight>
		<credibility>10</credibility>
		<drug1>Dexpanthenol</drug1>
		<adverseeffect1>Malaise, Dizziness</adverseeffect1>
		<drug2>Xanax/Alprazolam</drug2>
		<adverseeffect2>Shock, Sweating</adverseeffect2>
		<drugusage>Dexpanthenol->Malaise, Dizziness ; Xanax/Alprazolam->Shock, Sweating</drugusage>
	</record>
	<record>
		<username>Desirae</username>
		<userid>24</userid>
		<age>42</age>
		<sex>female</sex>
		<height>186</height>
		<weight>63</weight>
		<credibility>3</credibility>
		<drug1>Majezik</drug1>
		<adverseeffect1>Tremor, Shock</adverseeffect1>
		<drug2>Parol</drug2>
		<adverseeffect2>Diarrhoea, Depression</adverseeffect2>
		<drugusage>Majezik->Tremor, Shock ; Parol->Diarrhoea, Depression</drugusage>
	</record>
	<record>
		<username>Lacey</username>
		<userid>25</userid>
		<age>67</age>
		<sex>female</sex>
		<height>195</height>
		<weight>93</weight>
		<credibility>3</credibility>
		<drug1>Aspirin</drug1>
		<adverseeffect1>Hypersensitivity, Ear_pain</adverseeffect1>
		<drug2>Parol</drug2>
		<adverseeffect2>Hypersensitivity, Asthma</adverseeffect2>
		<drugusage>Aspirin->Hypersensitivity, Ear_pain ; Parol->Hypersensitivity, Asthma</drugusage>
	</record>
	<record>
		<username>Vivien</username>
		<userid>26</userid>
		<age>60</age>
		<sex>female</sex>
		<height>156</height>
		<weight>91</weight>
		<credibility>6</credibility>
		<drug1>EpiPen</drug1>
		<adverseeffect1>Diabetic, Vomiting</adverseeffect1>
		<drug2>Voltaren/Diclofenac</drug2>
		<adverseeffect2>Diarrhoea, Tremor</adverseeffect2>
		<drugusage>EpiPen->Diabetic, Vomiting ; Voltaren/Diclofenac->Diarrhoea, Tremor</drugusage>
	</record>
	<record>
		<username>Glenna</username>
		<userid>27</userid>
		<age>55</age>
		<sex>female</sex>
		<height>168</height>
		<weight>110</weight>
		<credibility>6</credibility>
		<drug1>Majezik</drug1>
		<adverseeffect1>Diarrhoea, Asthma</adverseeffect1>
		<drug2>Sertralin</drug2>
		<adverseeffect2>Anxiety, Shock</adverseeffect2>
		<drugusage>Majezik->Diarrhoea, Asthma ; Sertralin->Anxiety, Shock</drugusage>
	</record>
	<record>
		<username>Debra</username>
		<userid>28</userid>
		<age>29</age>
		<sex>female</sex>
		<height>170</height>
		<weight>85</weight>
		<credibility>9</credibility>
		<drug1>EpiPen</drug1>
		<adverseeffect1>Tremor, Hypertension</adverseeffect1>
		<drug2>Zovirax/Acyclovir</drug2>
		<adverseeffect2>Depression, Diabetic</adverseeffect2>
		<drugusage>EpiPen->Tremor, Hypertension ; Zovirax/Acyclovir->Depression, Diabetic</drugusage>
	</record>
	<record>
		<username>Beatrice</username>
		<userid>29</userid>
		<age>21</age>
		<sex>female</sex>
		<height>159</height>
		<weight>107</weight>
		<credibility>3</credibility>
		<drug1>Epinephrine</drug1>
		<adverseeffect1>Diabetic, Anxiety</adverseeffect1>
		<drug2>Zyrtec/Cetirizine</drug2>
		<adverseeffect2>Diarrhoea, Ear_pain</adverseeffect2>
		<drugusage>Epinephrine->Diabetic, Anxiety ; Zyrtec/Cetirizine->Diarrhoea, Ear_pain</drugusage>
	</record>
	<record>
		<username>Alea</username>
		<userid>30</userid>
		<age>55</age>
		<sex>female</sex>
		<height>189</height>
		<weight>106</weight>
		<credibility>1</credibility>
		<drug1>Aspirin</drug1>
		<adverseeffect1>Malaise, Hunger</adverseeffect1>
		<drug2>Nitroglycerin</drug2>
		<adverseeffect2>Diabetic, Headache</adverseeffect2>
		<drugusage>Aspirin->Malaise, Hunger ; Nitroglycerin->Diabetic, Headache</drugusage>
	</record>
	<record>
		<username>Madeline</username>
		<userid>31</userid>
		<age>41</age>
		<sex>female</sex>
		<height>154</height>
		<weight>58</weight>
		<credibility>7</credibility>
		<drug1>Baclofen</drug1>
		<adverseeffect1>Ulcer, Diarrhoea</adverseeffect1>
		<drug2>Zovirax/Acyclovir</drug2>
		<adverseeffect2>Chest_pain, Redness</adverseeffect2>
		<drugusage>Baclofen->Ulcer, Diarrhoea ; Zovirax/Acyclovir->Chest_pain, Redness</drugusage>
	</record>
	<record>
		<username>Leila</username>
		<userid>32</userid>
		<age>68</age>
		<sex>female</sex>
		<height>196</height>
		<weight>62</weight>
		<credibility>2</credibility>
		<drug1>Epinephrine</drug1>
		<adverseeffect1>Chest_pain, Depression</adverseeffect1>
		<drug2>Parol</drug2>
		<adverseeffect2>Coma, Sweating</adverseeffect2>
		<drugusage>Epinephrine->Chest_pain, Depression ; Parol->Coma, Sweating</drugusage>
	</record>
	<record>
		<username>Amanda</username>
		<userid>33</userid>
		<age>19</age>
		<sex>female</sex>
		<height>161</height>
		<weight>59</weight>
		<credibility>2</credibility>
		<drug1>Insulin</drug1>
		<adverseeffect1>Redness, Headache</adverseeffect1>
		<drug2>Vasopressin</drug2>
		<adverseeffect2>Ulcer, Vomiting</adverseeffect2>
		<drugusage>Insulin->Redness, Headache ; Vasopressin->Ulcer, Vomiting</drugusage>
	</record>
	<record>
		<username>Carolyn</username>
		<userid>34</userid>
		<age>25</age>
		<sex>female</sex>
		<height>171</height>
		<weight>58</weight>
		<credibility>2</credibility>
		<drug1>Baclofen</drug1>
		<adverseeffect1>Ear_pain, Sweating</adverseeffect1>
		<drug2>Vasopressin</drug2>
		<adverseeffect2>Dizziness, Hypertension</adverseeffect2>
		<drugusage>Baclofen->Ear_pain, Sweating ; Vasopressin->Dizziness, Hypertension</drugusage>
	</record>
	<record>
		<username>Jocelyn</username>
		<userid>35</userid>
		<age>27</age>
		<sex>female</sex>
		<height>155</height>
		<weight>70</weight>
		<credibility>10</credibility>
		<drug1>Diazepam</drug1>
		<adverseeffect1>Ear_pain, Asthma</adverseeffect1>
		<drug2>Zovirax/Acyclovir</drug2>
		<adverseeffect2>Vertigo, Malaise</adverseeffect2>
		<drugusage>Diazepam->Ear_pain, Asthma ; Zovirax/Acyclovir->Vertigo, Malaise</drugusage>
	</record>
	<record>
		<username>Chantale</username>
		<userid>36</userid>
		<age>54</age>
		<sex>female</sex>
		<height>186</height>
		<weight>66</weight>
		<credibility>4</credibility>
		<drug1>Insulin</drug1>
		<adverseeffect1>Tremor, Headache</adverseeffect1>
		<drug2>Zyrtec/Cetirizine</drug2>
		<adverseeffect2>Ulcer, Diabetic</adverseeffect2>
		<drugusage>Insulin->Tremor, Headache ; Zyrtec/Cetirizine->Ulcer, Diabetic</drugusage>
	</record>
	<record>
		<username>Rose</username>
		<userid>37</userid>
		<age>30</age>
		<sex>female</sex>
		<height>199</height>
		<weight>118</weight>
		<credibility>7</credibility>
		<drug1>Dopamine</drug1>
		<adverseeffect1>Headache, Depression</adverseeffect1>
		<drug2>Vasopressin</drug2>
		<adverseeffect2>Hypersensitivity, Malaise</adverseeffect2>
		<drugusage>Dopamine->Headache, Depression ; Vasopressin->Hypersensitivity, Malaise</drugusage>
	</record>
	<record>
		<username>Karleigh</username>
		<userid>38</userid>
		<age>60</age>
		<sex>female</sex>
		<height>170</height>
		<weight>67</weight>
		<credibility>7</credibility>
		<drug1>Insulin</drug1>
		<adverseeffect1>Hypertension, Dizziness</adverseeffect1>
		<drug2>Panadol/Acetaminophen</drug2>
		<adverseeffect2>Sweating, Diarrhoea</adverseeffect2>
		<drugusage>Insulin->Hypertension, Dizziness ; Panadol/Acetaminophen->Sweating, Diarrhoea</drugusage>
	</record>
	<record>
		<username>Priscilla</username>
		<userid>39</userid>
		<age>67</age>
		<sex>female</sex>
		<height>199</height>
		<weight>63</weight>
		<credibility>5</credibility>
		<drug1>EpiPen</drug1>
		<adverseeffect1>Diabetic, Shock</adverseeffect1>
		<drug2>Xanax/Alprazolam</drug2>
		<adverseeffect2>Anxiety, Shock</adverseeffect2>
		<drugusage>EpiPen->Diabetic, Shock ; Xanax/Alprazolam->Anxiety, Shock</drugusage>
	</record>
	<record>
		<username>Chloe</username>
		<userid>40</userid>
		<age>66</age>
		<sex>female</sex>
		<height>169</height>
		<weight>80</weight>
		<credibility>9</credibility>
		<drug1>Aspirin</drug1>
		<adverseeffect1>Coma, Malaise</adverseeffect1>
		<drug2>Nitroglycerin</drug2>
		<adverseeffect2>Ulcer, Diabetic</adverseeffect2>
		<drugusage>Aspirin->Coma, Malaise ; Nitroglycerin->Ulcer, Diabetic</drugusage>
	</record>
	<record>
		<username>Kitra</username>
		<userid>41</userid>
		<age>69</age>
		<sex>female</sex>
		<height>191</height>
		<weight>89</weight>
		<credibility>8</credibility>
		<drug1>EpiPen</drug1>
		<adverseeffect1>Sweating, Coma</adverseeffect1>
		<drug2>Zovirax/Acyclovir</drug2>
		<adverseeffect2>Asthma, Redness</adverseeffect2>
		<drugusage>EpiPen->Sweating, Coma ; Zovirax/Acyclovir->Asthma, Redness</drugusage>
	</record>
	<record>
		<username>Beatrice</username>
		<userid>42</userid>
		<age>59</age>
		<sex>female</sex>
		<height>196</height>
		<weight>75</weight>
		<credibility>6</credibility>
		<drug1>Ibuprofen</drug1>
		<adverseeffect1>Anxiety, Headache</adverseeffect1>
		<drug2>Ventolin/Salbutamol</drug2>
		<adverseeffect2>Chest_pain, Dizziness</adverseeffect2>
		<drugusage>Ibuprofen->Anxiety, Headache ; Ventolin/Salbutamol->Chest_pain, Dizziness</drugusage>
	</record>
	<record>
		<username>Rhoda</username>
		<userid>43</userid>
		<age>63</age>
		<sex>female</sex>
		<height>181</height>
		<weight>104</weight>
		<credibility>2</credibility>
		<drug1>Ibuprofen</drug1>
		<adverseeffect1>Dizziness, Anxiety</adverseeffect1>
		<drug2>Xanax/Alprazolam</drug2>
		<adverseeffect2>Dizziness, Diarrhoea</adverseeffect2>
		<drugusage>Ibuprofen->Dizziness, Anxiety ; Xanax/Alprazolam->Dizziness, Diarrhoea</drugusage>
	</record>
	<record>
		<username>Lilah</username>
		<userid>44</userid>
		<age>20</age>
		<sex>female</sex>
		<height>166</height>
		<weight>60</weight>
		<credibility>6</credibility>
		<drug1>Baclofen</drug1>
		<adverseeffect1>Tremor, Ear_pain</adverseeffect1>
		<drug2>Vasopressin</drug2>
		<adverseeffect2>Vertigo, Ear_pain</adverseeffect2>
		<drugusage>Baclofen->Tremor, Ear_pain ; Vasopressin->Vertigo, Ear_pain</drugusage>
	</record>
	<record>
		<username>Zelenia</username>
		<userid>45</userid>
		<age>40</age>
		<sex>female</sex>
		<height>170</height>
		<weight>117</weight>
		<credibility>1</credibility>
		<drug1>Diazepam</drug1>
		<adverseeffect1>Hypertension, Depression</adverseeffect1>
		<drug2>Nitroglycerin</drug2>
		<adverseeffect2>Shock, Sweating</adverseeffect2>
		<drugusage>Diazepam->Hypertension, Depression ; Nitroglycerin->Shock, Sweating</drugusage>
	</record>
	<record>
		<username>Kylan</username>
		<userid>46</userid>
		<age>61</age>
		<sex>female</sex>
		<height>196</height>
		<weight>93</weight>
		<credibility>3</credibility>
		<drug1>Epinephrine</drug1>
		<adverseeffect1>Vomiting, Hypersensitivity</adverseeffect1>
		<drug2>Parol</drug2>
		<adverseeffect2>Sweating, Tremor</adverseeffect2>
		<drugusage>Epinephrine->Vomiting, Hypersensitivity ; Parol->Sweating, Tremor</drugusage>
	</record>
	<record>
		<username>Liberty</username>
		<userid>47</userid>
		<age>31</age>
		<sex>female</sex>
		<height>176</height>
		<weight>103</weight>
		<credibility>9</credibility>
		<drug1>Epinephrine</drug1>
		<adverseeffect1>Diarrhoea, Hypersensitivity</adverseeffect1>
		<drug2>Parol</drug2>
		<adverseeffect2>Malaise, Coma</adverseeffect2>
		<drugusage>Epinephrine->Diarrhoea, Hypersensitivity ; Parol->Malaise, Coma</drugusage>
	</record>
	<record>
		<username>Wyoming</username>
		<userid>48</userid>
		<age>44</age>
		<sex>female</sex>
		<height>159</height>
		<weight>57</weight>
		<credibility>7</credibility>
		<drug1>Epinephrine</drug1>
		<adverseeffect1>Anxiety, Shock</adverseeffect1>
		<drug2>Voltaren/Diclofenac</drug2>
		<adverseeffect2>Sweating, Hunger</adverseeffect2>
		<drugusage>Epinephrine->Anxiety, Shock ; Voltaren/Diclofenac->Sweating, Hunger</drugusage>
	</record>
	<record>
		<username>Orli</username>
		<userid>49</userid>
		<age>56</age>
		<sex>female</sex>
		<height>177</height>
		<weight>103</weight>
		<credibility>9</credibility>
		<drug1>Dexpanthenol</drug1>
		<adverseeffect1>Ear_pain, Tremor</adverseeffect1>
		<drug2>Zovirax/Acyclovir</drug2>
		<adverseeffect2>Hypersensitivity, Anxiety</adverseeffect2>
		<drugusage>Dexpanthenol->Ear_pain, Tremor ; Zovirax/Acyclovir->Hypersensitivity, Anxiety</drugusage>
	</record>
	<record>
		<username>Gretchen</username>
		<userid>50</userid>
		<age>55</age>
		<sex>female</sex>
		<height>197</height>
		<weight>118</weight>
		<credibility>1</credibility>
		<drug1>Ibuprofen</drug1>
		<adverseeffect1>Migraine, Vertigo</adverseeffect1>
		<drug2>Xanax/Alprazolam</drug2>
		<adverseeffect2>Asthma, Coma</adverseeffect2>
		<drugusage>Ibuprofen->Migraine, Vertigo ; Xanax/Alprazolam->Asthma, Coma</drugusage>
	</record>
	<record>
		<username>Charissa</username>
		<userid>51</userid>
		<age>62</age>
		<sex>female</sex>
		<height>168</height>
		<weight>97</weight>
		<credibility>3</credibility>
		<drug1>Aspirin</drug1>
		<adverseeffect1>Vertigo, Headache</adverseeffect1>
		<drug2>Zyrtec/Cetirizine</drug2>
		<adverseeffect2>Dizziness, Chest_pain</adverseeffect2>
		<drugusage>Aspirin->Vertigo, Headache ; Zyrtec/Cetirizine->Dizziness, Chest_pain</drugusage>
	</record>
	<record>
		<username>Anika</username>
		<userid>52</userid>
		<age>58</age>
		<sex>female</sex>
		<height>176</height>
		<weight>120</weight>
		<credibility>8</credibility>
		<drug1>Epinephrine</drug1>
		<adverseeffect1>Shock, Malaise</adverseeffect1>
		<drug2>Nitroglycerin</drug2>
		<adverseeffect2>Headache, Ear_pain</adverseeffect2>
		<drugusage>Epinephrine->Shock, Malaise ; Nitroglycerin->Headache, Ear_pain</drugusage>
	</record>
	<record>
		<username>Lee</username>
		<userid>53</userid>
		<age>41</age>
		<sex>female</sex>
		<height>171</height>
		<weight>83</weight>
		<credibility>9</credibility>
		<drug1>Dopamine</drug1>
		<adverseeffect1>Anxiety, Ulcer</adverseeffect1>
		<drug2>Zovirax/Acyclovir</drug2>
		<adverseeffect2>Hypertension, Chest_pain</adverseeffect2>
		<drugusage>Dopamine->Anxiety, Ulcer ; Zovirax/Acyclovir->Hypertension, Chest_pain</drugusage>
	</record>
	<record>
		<username>Marah</username>
		<userid>54</userid>
		<age>53</age>
		<sex>female</sex>
		<height>176</height>
		<weight>78</weight>
		<credibility>10</credibility>
		<drug1>Dexpanthenol</drug1>
		<adverseeffect1>Shock, Ulcer</adverseeffect1>
		<drug2>Xanax/Alprazolam</drug2>
		<adverseeffect2>Tremor, Shock</adverseeffect2>
		<drugusage>Dexpanthenol->Shock, Ulcer ; Xanax/Alprazolam->Tremor, Shock</drugusage>
	</record>
	<record>
		<username>Germane</username>
		<userid>55</userid>
		<age>36</age>
		<sex>female</sex>
		<height>184</height>
		<weight>74</weight>
		<credibility>10</credibility>
		<drug1>EpiPen</drug1>
		<adverseeffect1>Dizziness, Headache</adverseeffect1>
		<drug2>Xanax/Alprazolam</drug2>
		<adverseeffect2>Coma, Headache</adverseeffect2>
		<drugusage>EpiPen->Dizziness, Headache ; Xanax/Alprazolam->Coma, Headache</drugusage>
	</record>
	<record>
		<username>Zia</username>
		<userid>56</userid>
		<age>69</age>
		<sex>female</sex>
		<height>180</height>
		<weight>86</weight>
		<credibility>9</credibility>
		<drug1>Majezik</drug1>
		<adverseeffect1>Tremor, Shock</adverseeffect1>
		<drug2>Sertralin</drug2>
		<adverseeffect2>Dizziness, Diarrhoea</adverseeffect2>
		<drugusage>Majezik->Tremor, Shock ; Sertralin->Dizziness, Diarrhoea</drugusage>
	</record>
	<record>
		<username>Regan</username>
		<userid>57</userid>
		<age>47</age>
		<sex>female</sex>
		<height>164</height>
		<weight>109</weight>
		<credibility>8</credibility>
		<drug1>Majezik</drug1>
		<adverseeffect1>Migraine, Anxiety</adverseeffect1>
		<drug2>Zyrtec/Cetirizine</drug2>
		<adverseeffect2>Ear_pain, Shock</adverseeffect2>
		<drugusage>Majezik->Migraine, Anxiety ; Zyrtec/Cetirizine->Ear_pain, Shock</drugusage>
	</record>
	<record>
		<username>Erin</username>
		<userid>58</userid>
		<age>32</age>
		<sex>female</sex>
		<height>161</height>
		<weight>112</weight>
		<credibility>2</credibility>
		<drug1>Baclofen</drug1>
		<adverseeffect1>Asthma, Hunger</adverseeffect1>
		<drug2>Vasopressin</drug2>
		<adverseeffect2>Coma, Diabetic</adverseeffect2>
		<drugusage>Baclofen->Asthma, Hunger ; Vasopressin->Coma, Diabetic</drugusage>
	</record>
	<record>
		<username>Clio</username>
		<userid>59</userid>
		<age>23</age>
		<sex>female</sex>
		<height>164</height>
		<weight>84</weight>
		<credibility>1</credibility>
		<drug1>Aspirin</drug1>
		<adverseeffect1>Coma, Headache</adverseeffect1>
		<drug2>Sertralin</drug2>
		<adverseeffect2>Diarrhoea, Shock</adverseeffect2>
		<drugusage>Aspirin->Coma, Headache ; Sertralin->Diarrhoea, Shock</drugusage>
	</record>
	<record>
		<username>Pamela</username>
		<userid>60</userid>
		<age>32</age>
		<sex>female</sex>
		<height>189</height>
		<weight>62</weight>
		<credibility>1</credibility>
		<drug1>Aspirin</drug1>
		<adverseeffect1>Headache, Dizziness</adverseeffect1>
		<drug2>Vasopressin</drug2>
		<adverseeffect2>Anxiety, Headache</adverseeffect2>
		<drugusage>Aspirin->Headache, Dizziness ; Vasopressin->Anxiety, Headache</drugusage>
	</record>
	<record>
		<username>Jade</username>
		<userid>61</userid>
		<age>46</age>
		<sex>female</sex>
		<height>198</height>
		<weight>116</weight>
		<credibility>10</credibility>
		<drug1>Aspirin</drug1>
		<adverseeffect1>Depression, Headache</adverseeffect1>
		<drug2>Sertralin</drug2>
		<adverseeffect2>Diarrhoea, Hypersensitivity</adverseeffect2>
		<drugusage>Aspirin->Depression, Headache ; Sertralin->Diarrhoea, Hypersensitivity</drugusage>
	</record>
	<record>
		<username>Charissa</username>
		<userid>62</userid>
		<age>26</age>
		<sex>female</sex>
		<height>196</height>
		<weight>92</weight>
		<credibility>3</credibility>
		<drug1>Diazepam</drug1>
		<adverseeffect1>Shock, Depression</adverseeffect1>
		<drug2>Vasopressin</drug2>
		<adverseeffect2>Hypersensitivity, Sweating</adverseeffect2>
		<drugusage>Diazepam->Shock, Depression ; Vasopressin->Hypersensitivity, Sweating</drugusage>
	</record>
	<record>
		<username>Ayanna</username>
		<userid>63</userid>
		<age>19</age>
		<sex>female</sex>
		<height>162</height>
		<weight>101</weight>
		<credibility>4</credibility>
		<drug1>Baclofen</drug1>
		<adverseeffect1>Dizziness, Vomiting</adverseeffect1>
		<drug2>Vasopressin</drug2>
		<adverseeffect2>Vomiting, Depression</adverseeffect2>
		<drugusage>Baclofen->Dizziness, Vomiting ; Vasopressin->Vomiting, Depression</drugusage>
	</record>
	<record>
		<username>Elizabeth</username>
		<userid>64</userid>
		<age>32</age>
		<sex>female</sex>
		<height>155</height>
		<weight>76</weight>
		<credibility>6</credibility>
		<drug1>Epinephrine</drug1>
		<adverseeffect1>Depression, Ulcer</adverseeffect1>
		<drug2>Ventolin/Salbutamol</drug2>
		<adverseeffect2>Sweating, Shock</adverseeffect2>
		<drugusage>Epinephrine->Depression, Ulcer ; Ventolin/Salbutamol->Sweating, Shock</drugusage>
	</record>
	<record>
		<username>Amber</username>
		<userid>65</userid>
		<age>61</age>
		<sex>female</sex>
		<height>192</height>
		<weight>59</weight>
		<credibility>6</credibility>
		<drug1>Epinephrine</drug1>
		<adverseeffect1>Hypertension, Headache</adverseeffect1>
		<drug2>Nitroglycerin</drug2>
		<adverseeffect2>Ulcer, Ear_pain</adverseeffect2>
		<drugusage>Epinephrine->Hypertension, Headache ; Nitroglycerin->Ulcer, Ear_pain</drugusage>
	</record>
	<record>
		<username>Clio</username>
		<userid>66</userid>
		<age>58</age>
		<sex>female</sex>
		<height>154</height>
		<weight>57</weight>
		<credibility>4</credibility>
		<drug1>Dopamine</drug1>
		<adverseeffect1>Depression, Chest_pain</adverseeffect1>
		<drug2>Voltaren/Diclofenac</drug2>
		<adverseeffect2>Vomiting, Headache</adverseeffect2>
		<drugusage>Dopamine->Depression, Chest_pain ; Voltaren/Diclofenac->Vomiting, Headache</drugusage>
	</record>
	<record>
		<username>Hilary</username>
		<userid>67</userid>
		<age>66</age>
		<sex>female</sex>
		<height>199</height>
		<weight>86</weight>
		<credibility>3</credibility>
		<drug1>Insulin</drug1>
		<adverseeffect1>Hypersensitivity, Migraine</adverseeffect1>
		<drug2>Voltaren/Diclofenac</drug2>
		<adverseeffect2>Chest_pain, Hunger</adverseeffect2>
		<drugusage>Insulin->Hypersensitivity, Migraine ; Voltaren/Diclofenac->Chest_pain, Hunger</drugusage>
	</record>
	<record>
		<username>Jana</username>
		<userid>68</userid>
		<age>40</age>
		<sex>female</sex>
		<height>192</height>
		<weight>107</weight>
		<credibility>8</credibility>
		<drug1>Insulin</drug1>
		<adverseeffect1>Ear_pain, Shock</adverseeffect1>
		<drug2>Voltaren/Diclofenac</drug2>
		<adverseeffect2>Ear_pain, Asthma</adverseeffect2>
		<drugusage>Insulin->Ear_pain, Shock ; Voltaren/Diclofenac->Ear_pain, Asthma</drugusage>
	</record>
	<record>
		<username>Carolyn</username>
		<userid>69</userid>
		<age>54</age>
		<sex>female</sex>
		<height>178</height>
		<weight>66</weight>
		<credibility>4</credibility>
		<drug1>Majezik</drug1>
		<adverseeffect1>Sweating, Chest_pain</adverseeffect1>
		<drug2>Panadol/Acetaminophen</drug2>
		<adverseeffect2>Headache, Malaise</adverseeffect2>
		<drugusage>Majezik->Sweating, Chest_pain ; Panadol/Acetaminophen->Headache, Malaise</drugusage>
	</record>
	<record>
		<username>Linda</username>
		<userid>70</userid>
		<age>68</age>
		<sex>female</sex>
		<height>191</height>
		<weight>106</weight>
		<credibility>5</credibility>
		<drug1>Diazepam</drug1>
		<adverseeffect1>Redness, Diabetic</adverseeffect1>
		<drug2>Vasopressin</drug2>
		<adverseeffect2>Shock, Sweating</adverseeffect2>
		<drugusage>Diazepam->Redness, Diabetic ; Vasopressin->Shock, Sweating</drugusage>
	</record>
	<record>
		<username>Ramona</username>
		<userid>71</userid>
		<age>45</age>
		<sex>female</sex>
		<height>193</height>
		<weight>56</weight>
		<credibility>7</credibility>
		<drug1>Dexpanthenol</drug1>
		<adverseeffect1>Diabetic, Chest_pain</adverseeffect1>
		<drug2>Voltaren/Diclofenac</drug2>
		<adverseeffect2>Vertigo, Shock</adverseeffect2>
		<drugusage>Dexpanthenol->Diabetic, Chest_pain ; Voltaren/Diclofenac->Vertigo, Shock</drugusage>
	</record>
	<record>
		<username>Martina</username>
		<userid>72</userid>
		<age>61</age>
		<sex>female</sex>
		<height>174</height>
		<weight>96</weight>
		<credibility>6</credibility>
		<drug1>Dopamine</drug1>
		<adverseeffect1>Depression, Redness</adverseeffect1>
		<drug2>Zovirax/Acyclovir</drug2>
		<adverseeffect2>Vomiting, Anxiety</adverseeffect2>
		<drugusage>Dopamine->Depression, Redness ; Zovirax/Acyclovir->Vomiting, Anxiety</drugusage>
	</record>
	<record>
		<username>Winifred</username>
		<userid>73</userid>
		<age>37</age>
		<sex>female</sex>
		<height>176</height>
		<weight>99</weight>
		<credibility>3</credibility>
		<drug1>Insulin</drug1>
		<adverseeffect1>Vomiting, Migraine</adverseeffect1>
		<drug2>Panadol/Acetaminophen</drug2>
		<adverseeffect2>Malaise, Chest_pain</adverseeffect2>
		<drugusage>Insulin->Vomiting, Migraine ; Panadol/Acetaminophen->Malaise, Chest_pain</drugusage>
	</record>
	<record>
		<username>Amela</username>
		<userid>74</userid>
		<age>56</age>
		<sex>female</sex>
		<height>157</height>
		<weight>71</weight>
		<credibility>10</credibility>
		<drug1>Dopamine</drug1>
		<adverseeffect1>Shock, Tremor</adverseeffect1>
		<drug2>Zyrtec/Cetirizine</drug2>
		<adverseeffect2>Chest_pain, Shock</adverseeffect2>
		<drugusage>Dopamine->Shock, Tremor ; Zyrtec/Cetirizine->Chest_pain, Shock</drugusage>
	</record>
	<record>
		<username>Germaine</username>
		<userid>75</userid>
		<age>55</age>
		<sex>female</sex>
		<height>150</height>
		<weight>94</weight>
		<credibility>3</credibility>
		<drug1>Ibuprofen</drug1>
		<adverseeffect1>Migraine, Vertigo</adverseeffect1>
		<drug2>Zyrtec/Cetirizine</drug2>
		<adverseeffect2>Hunger, Ear_pain</adverseeffect2>
		<drugusage>Ibuprofen->Migraine, Vertigo ; Zyrtec/Cetirizine->Hunger, Ear_pain</drugusage>
	</record>
	<record>
		<username>Octavia</username>
		<userid>76</userid>
		<age>20</age>
		<sex>female</sex>
		<height>184</height>
		<weight>66</weight>
		<credibility>6</credibility>
		<drug1>Dexpanthenol</drug1>
		<adverseeffect1>Coma, Shock</adverseeffect1>
		<drug2>Ventolin/Salbutamol</drug2>
		<adverseeffect2>Depression, Anxiety</adverseeffect2>
		<drugusage>Dexpanthenol->Coma, Shock ; Ventolin/Salbutamol->Depression, Anxiety</drugusage>
	</record>
	<record>
		<username>Alice</username>
		<userid>77</userid>
		<age>24</age>
		<sex>female</sex>
		<height>164</height>
		<weight>114</weight>
		<credibility>5</credibility>
		<drug1>Majezik</drug1>
		<adverseeffect1>Chest_pain, Diarrhoea</adverseeffect1>
		<drug2>Panadol/Acetaminophen</drug2>
		<adverseeffect2>Diabetic, Dizziness</adverseeffect2>
		<drugusage>Majezik->Chest_pain, Diarrhoea ; Panadol/Acetaminophen->Diabetic, Dizziness</drugusage>
	</record>
	<record>
		<username>Ella</username>
		<userid>78</userid>
		<age>64</age>
		<sex>female</sex>
		<height>187</height>
		<weight>59</weight>
		<credibility>4</credibility>
		<drug1>Majezik</drug1>
		<adverseeffect1>Dizziness, Migraine</adverseeffect1>
		<drug2>Parol</drug2>
		<adverseeffect2>Migraine, Vomiting</adverseeffect2>
		<drugusage>Majezik->Dizziness, Migraine ; Parol->Migraine, Vomiting</drugusage>
	</record>
	<record>
		<username>Madeline</username>
		<userid>79</userid>
		<age>19</age>
		<sex>female</sex>
		<height>155</height>
		<weight>94</weight>
		<credibility>4</credibility>
		<drug1>Dexpanthenol</drug1>
		<adverseeffect1>Diabetic, Hypertension</adverseeffect1>
		<drug2>Nitroglycerin</drug2>
		<adverseeffect2>Migraine, Dizziness</adverseeffect2>
		<drugusage>Dexpanthenol->Diabetic, Hypertension ; Nitroglycerin->Migraine, Dizziness</drugusage>
	</record>
	<record>
		<username>Ginger</username>
		<userid>80</userid>
		<age>60</age>
		<sex>female</sex>
		<height>156</height>
		<weight>85</weight>
		<credibility>10</credibility>
		<drug1>Ibuprofen</drug1>
		<adverseeffect1>Anxiety, Redness</adverseeffect1>
		<drug2>Ventolin/Salbutamol</drug2>
		<adverseeffect2>Tremor, Sweating</adverseeffect2>
		<drugusage>Ibuprofen->Anxiety, Redness ; Ventolin/Salbutamol->Tremor, Sweating</drugusage>
	</record>
	<record>
		<username>Rhea</username>
		<userid>81</userid>
		<age>57</age>
		<sex>female</sex>
		<height>194</height>
		<weight>118</weight>
		<credibility>8</credibility>
		<drug1>Baclofen</drug1>
		<adverseeffect1>Shock, Tremor</adverseeffect1>
		<drug2>Voltaren/Diclofenac</drug2>
		<adverseeffect2>Malaise, Depression</adverseeffect2>
		<drugusage>Baclofen->Shock, Tremor ; Voltaren/Diclofenac->Malaise, Depression</drugusage>
	</record>
	<record>
		<username>Adara</username>
		<userid>82</userid>
		<age>67</age>
		<sex>female</sex>
		<height>178</height>
		<weight>68</weight>
		<credibility>10</credibility>
		<drug1>EpiPen</drug1>
		<adverseeffect1>Hypersensitivity, Diabetic</adverseeffect1>
		<drug2>Xanax/Alprazolam</drug2>
		<adverseeffect2>Headache, Sweating</adverseeffect2>
		<drugusage>EpiPen->Hypersensitivity, Diabetic ; Xanax/Alprazolam->Headache, Sweating</drugusage>
	</record>
	<record>
		<username>Morgan</username>
		<userid>83</userid>
		<age>34</age>
		<sex>female</sex>
		<height>197</height>
		<weight>59</weight>
		<credibility>2</credibility>
		<drug1>Aspirin</drug1>
		<adverseeffect1>Depression, Vomiting</adverseeffect1>
		<drug2>Xanax/Alprazolam</drug2>
		<adverseeffect2>Chest_pain, Shock</adverseeffect2>
		<drugusage>Aspirin->Depression, Vomiting ; Xanax/Alprazolam->Chest_pain, Shock</drugusage>
	</record>
	<record>
		<username>Kim</username>
		<userid>84</userid>
		<age>19</age>
		<sex>female</sex>
		<height>179</height>
		<weight>71</weight>
		<credibility>8</credibility>
		<drug1>Baclofen</drug1>
		<adverseeffect1>Hypertension, Shock</adverseeffect1>
		<drug2>Zyrtec/Cetirizine</drug2>
		<adverseeffect2>Ear_pain, Redness</adverseeffect2>
		<drugusage>Baclofen->Hypertension, Shock ; Zyrtec/Cetirizine->Ear_pain, Redness</drugusage>
	</record>
	<record>
		<username>Yoko</username>
		<userid>85</userid>
		<age>54</age>
		<sex>female</sex>
		<height>162</height>
		<weight>118</weight>
		<credibility>6</credibility>
		<drug1>Epinephrine</drug1>
		<adverseeffect1>Hypersensitivity, Hunger</adverseeffect1>
		<drug2>Ventolin/Salbutamol</drug2>
		<adverseeffect2>Sweating, Vertigo</adverseeffect2>
		<drugusage>Epinephrine->Hypersensitivity, Hunger ; Ventolin/Salbutamol->Sweating, Vertigo</drugusage>
	</record>
	<record>
		<username>Emerald</username>
		<userid>86</userid>
		<age>43</age>
		<sex>female</sex>
		<height>154</height>
		<weight>55</weight>
		<credibility>10</credibility>
		<drug1>Diazepam</drug1>
		<adverseeffect1>Anxiety, Malaise</adverseeffect1>
		<drug2>Zyrtec/Cetirizine</drug2>
		<adverseeffect2>Redness, Chest_pain</adverseeffect2>
		<drugusage>Diazepam->Anxiety, Malaise ; Zyrtec/Cetirizine->Redness, Chest_pain</drugusage>
	</record>
	<record>
		<username>Gisela</username>
		<userid>87</userid>
		<age>65</age>
		<sex>female</sex>
		<height>163</height>
		<weight>93</weight>
		<credibility>4</credibility>
		<drug1>Diazepam</drug1>
		<adverseeffect1>Hypertension, Depression</adverseeffect1>
		<drug2>Zyrtec/Cetirizine</drug2>
		<adverseeffect2>Depression, Headache</adverseeffect2>
		<drugusage>Diazepam->Hypertension, Depression ; Zyrtec/Cetirizine->Depression, Headache</drugusage>
	</record>
	<record>
		<username>Callie</username>
		<userid>88</userid>
		<age>59</age>
		<sex>female</sex>
		<height>185</height>
		<weight>98</weight>
		<credibility>2</credibility>
		<drug1>Aspirin</drug1>
		<adverseeffect1>Diabetic, Dizziness</adverseeffect1>
		<drug2>Voltaren/Diclofenac</drug2>
		<adverseeffect2>Chest_pain, Shock</adverseeffect2>
		<drugusage>Aspirin->Diabetic, Dizziness ; Voltaren/Diclofenac->Chest_pain, Shock</drugusage>
	</record>
	<record>
		<username>Minerva</username>
		<userid>89</userid>
		<age>30</age>
		<sex>female</sex>
		<height>165</height>
		<weight>108</weight>
		<credibility>2</credibility>
		<drug1>Ibuprofen</drug1>
		<adverseeffect1>Tremor, Depression</adverseeffect1>
		<drug2>Zyrtec/Cetirizine</drug2>
		<adverseeffect2>Ear_pain, Hypertension</adverseeffect2>
		<drugusage>Ibuprofen->Tremor, Depression ; Zyrtec/Cetirizine->Ear_pain, Hypertension</drugusage>
	</record>
	<record>
		<username>Kiona</username>
		<userid>90</userid>
		<age>23</age>
		<sex>female</sex>
		<height>157</height>
		<weight>69</weight>
		<credibility>3</credibility>
		<drug1>Ibuprofen</drug1>
		<adverseeffect1>Asthma, Redness</adverseeffect1>
		<drug2>Zovirax/Acyclovir</drug2>
		<adverseeffect2>Diabetic, Headache</adverseeffect2>
		<drugusage>Ibuprofen->Asthma, Redness ; Zovirax/Acyclovir->Diabetic, Headache</drugusage>
	</record>
	<record>
		<username>Ursula</username>
		<userid>91</userid>
		<age>53</age>
		<sex>female</sex>
		<height>166</height>
		<weight>88</weight>
		<credibility>8</credibility>
		<drug1>Ibuprofen</drug1>
		<adverseeffect1>Vertigo, Dizziness</adverseeffect1>
		<drug2>Ventolin/Salbutamol</drug2>
		<adverseeffect2>Ulcer, Vertigo</adverseeffect2>
		<drugusage>Ibuprofen->Vertigo, Dizziness ; Ventolin/Salbutamol->Ulcer, Vertigo</drugusage>
	</record>
	<record>
		<username>Bell</username>
		<userid>92</userid>
		<age>18</age>
		<sex>female</sex>
		<height>172</height>
		<weight>73</weight>
		<credibility>1</credibility>
		<drug1>Baclofen</drug1>
		<adverseeffect1>Headache, Hunger</adverseeffect1>
		<drug2>Panadol/Acetaminophen</drug2>
		<adverseeffect2>Headache, Ear_pain</adverseeffect2>
		<drugusage>Baclofen->Headache, Hunger ; Panadol/Acetaminophen->Headache, Ear_pain</drugusage>
	</record>
	<record>
		<username>Hollee</username>
		<userid>93</userid>
		<age>49</age>
		<sex>female</sex>
		<height>195</height>
		<weight>95</weight>
		<credibility>1</credibility>
		<drug1>Insulin</drug1>
		<adverseeffect1>Diabetic, Headache</adverseeffect1>
		<drug2>Zyrtec/Cetirizine</drug2>
		<adverseeffect2>Tremor, Anxiety</adverseeffect2>
		<drugusage>Insulin->Diabetic, Headache ; Zyrtec/Cetirizine->Tremor, Anxiety</drugusage>
	</record>
	<record>
		<username>Maggy</username>
		<userid>94</userid>
		<age>28</age>
		<sex>female</sex>
		<height>181</height>
		<weight>70</weight>
		<credibility>3</credibility>
		<drug1>Aspirin</drug1>
		<adverseeffect1>Anxiety, Redness</adverseeffect1>
		<drug2>Zovirax/Acyclovir</drug2>
		<adverseeffect2>Depression, Migraine</adverseeffect2>
		<drugusage>Aspirin->Anxiety, Redness ; Zovirax/Acyclovir->Depression, Migraine</drugusage>
	</record>
	<record>
		<username>Isabella</username>
		<userid>95</userid>
		<age>47</age>
		<sex>female</sex>
		<height>183</height>
		<weight>60</weight>
		<credibility>9</credibility>
		<drug1>Dexpanthenol</drug1>
		<adverseeffect1>Redness, Diabetic</adverseeffect1>
		<drug2>Nitroglycerin</drug2>
		<adverseeffect2>Headache, Migraine</adverseeffect2>
		<drugusage>Dexpanthenol->Redness, Diabetic ; Nitroglycerin->Headache, Migraine</drugusage>
	</record>
	<record>
		<username>Nina</username>
		<userid>96</userid>
		<age>33</age>
		<sex>female</sex>
		<height>186</height>
		<weight>98</weight>
		<credibility>7</credibility>
		<drug1>Ibuprofen</drug1>
		<adverseeffect1>Ulcer, Chest_pain</adverseeffect1>
		<drug2>Ventolin/Salbutamol</drug2>
		<adverseeffect2>Ulcer, Hypertension</adverseeffect2>
		<drugusage>Ibuprofen->Ulcer, Chest_pain ; Ventolin/Salbutamol->Ulcer, Hypertension</drugusage>
	</record>
	<record>
		<username>Gwendolyn</username>
		<userid>97</userid>
		<age>46</age>
		<sex>female</sex>
		<height>166</height>
		<weight>71</weight>
		<credibility>9</credibility>
		<drug1>Diazepam</drug1>
		<adverseeffect1>Malaise, Ear_pain</adverseeffect1>
		<drug2>Vasopressin</drug2>
		<adverseeffect2>Hypersensitivity, Asthma</adverseeffect2>
		<drugusage>Diazepam->Malaise, Ear_pain ; Vasopressin->Hypersensitivity, Asthma</drugusage>
	</record>
	<record>
		<username>Autumn</username>
		<userid>98</userid>
		<age>68</age>
		<sex>female</sex>
		<height>186</height>
		<weight>66</weight>
		<credibility>5</credibility>
		<drug1>Majezik</drug1>
		<adverseeffect1>Diarrhoea, Sweating</adverseeffect1>
		<drug2>Vasopressin</drug2>
		<adverseeffect2>Headache, Redness</adverseeffect2>
		<drugusage>Majezik->Diarrhoea, Sweating ; Vasopressin->Headache, Redness</drugusage>
	</record>
	<record>
		<username>Ayanna</username>
		<userid>99</userid>
		<age>69</age>
		<sex>female</sex>
		<height>180</height>
		<weight>93</weight>
		<credibility>1</credibility>
		<drug1>Epinephrine</drug1>
		<adverseeffect1>Vertigo, Tremor</adverseeffect1>
		<drug2>Panadol/Acetaminophen</drug2>
		<adverseeffect2>Diabetic, Shock</adverseeffect2>
		<drugusage>Epinephrine->Vertigo, Tremor ; Panadol/Acetaminophen->Diabetic, Shock</drugusage>
	</record>
	<record>
		<username>Flavia</username>
		<userid>100</userid>
		<age>24</age>
		<sex>female</sex>
		<height>164</height>
		<weight>70</weight>
		<credibility>8</credibility>
		<drug1>Epinephrine</drug1>
		<adverseeffect1>Chest_pain, Depression</adverseeffect1>
		<drug2>Zovirax/Acyclovir</drug2>
		<adverseeffect2>Ulcer, Diabetic</adverseeffect2>
		<drugusage>Epinephrine->Chest_pain, Depression ; Zovirax/Acyclovir->Ulcer, Diabetic</drugusage>
	</record>
</records>