<?xml version="1.0" encoding="UTF-8" ?><records>
	<record>
		<username>Anne</username>
		<userid>101</userid>
		<age>10</age>
		<sex>female</sex>
		<height>171</height>
		<weight>84</weight>
		<credibility>3</credibility>
		<drug>Majezik</drug>
		<adverseeffect>Headache, Depression, Redness</adverseeffect>
		<drugusage>Majezik->Headache, Depression, Redness</drugusage>
	</record>
	<record>
		<username>Hayfa</username>
		<userid>102</userid>
		<age>2</age>
		<sex>female</sex>
		<height>198</height>
		<weight>118</weight>
		<credibility>10</credibility>
		<drug>Nitroglycerin</drug>
		<adverseeffect>Migraine</adverseeffect>
		<drugusage>Nitroglycerin->Migraine</drugusage>
	</record>
	<record>
		<username>Shea</username>
		<userid>103</userid>
		<age>7</age>
		<sex>female</sex>
		<height>172</height>
		<weight>112</weight>
		<credibility>9</credibility>
		<drug>Ventolin/Salbutamol</drug>
		<adverseeffect>Sweating</adverseeffect>
		<drugusage>Ventolin/Salbutamol->Sweating</drugusage>
	</record>
	<record>
		<username>Cleo</username>
		<userid>104</userid>
		<age>5</age>
		<sex>female</sex>
		<height>182</height>
		<weight>115</weight>
		<credibility>5</credibility>
		<drug>Dopamine</drug>
		<adverseeffect>Hypertension, Tremor</adverseeffect>
		<drugusage>Dopamine->Hypertension, Tremor</drugusage>
	</record>
	<record>
		<username>Margaret</username>
		<userid>105</userid>
		<age>8</age>
		<sex>female</sex>
		<height>180</height>
		<weight>105</weight>
		<credibility>2</credibility>
		<drug>Aspirin</drug>
		<adverseeffect>Asthma, Shock, Tremor</adverseeffect>
		<drugusage>Aspirin->Asthma, Shock, Tremor</drugusage>
	</record>
	<record>
		<username>Katell</username>
		<userid>106</userid>
		<age>8</age>
		<sex>female</sex>
		<height>189</height>
		<weight>116</weight>
		<credibility>4</credibility>
		<drug>Panadol/Acetaminophen</drug>
		<adverseeffect>Hypertension, Chest_pain, Migraine</adverseeffect>
		<drugusage>Panadol/Acetaminophen->Hypertension, Chest_pain, Migraine</drugusage>
	</record>
	<record>
		<username>Jade</username>
		<userid>107</userid>
		<age>10</age>
		<sex>female</sex>
		<height>176</height>
		<weight>62</weight>
		<credibility>2</credibility>
		<drug>Xanax/Alprazolam</drug>
		<adverseeffect>Malaise, Dizziness, Anxiety</adverseeffect>
		<drugusage>Xanax/Alprazolam->Malaise, Dizziness, Anxiety</drugusage>
	</record>
	<record>
		<username>Blair</username>
		<userid>108</userid>
		<age>2</age>
		<sex>female</sex>
		<height>176</height>
		<weight>69</weight>
		<credibility>10</credibility>
		<drug>Baclofen</drug>
		<adverseeffect>Sweating</adverseeffect>
		<drugusage>Baclofen->Sweating</drugusage>
	</record>
	<record>
		<username>Deirdre</username>
		<userid>109</userid>
		<age>10</age>
		<sex>female</sex>
		<height>194</height>
		<weight>69</weight>
		<credibility>5</credibility>
		<drug>Diazepam</drug>
		<adverseeffect></adverseeffect>
		<drugusage>Diazepam-></drugusage>
	</record>
	<record>
		<username>Jaime</username>
		<userid>110</userid>
		<age>8</age>
		<sex>female</sex>
		<height>154</height>
		<weight>114</weight>
		<credibility>7</credibility>
		<drug>EpiPen</drug>
		<adverseeffect>Diarrhoea, Redness</adverseeffect>
		<drugusage>EpiPen->Diarrhoea, Redness</drugusage>
	</record>
	<record>
		<username>Whoopi</username>
		<userid>111</userid>
		<age>4</age>
		<sex>female</sex>
		<height>158</height>
		<weight>69</weight>
		<credibility>5</credibility>
		<drug>Nitroglycerin</drug>
		<adverseeffect>Malaise, Ulcer, Dizziness</adverseeffect>
		<drugusage>Nitroglycerin->Malaise, Ulcer, Dizziness</drugusage>
	</record>
	<record>
		<username>Alice</username>
		<userid>112</userid>
		<age>8</age>
		<sex>female</sex>
		<height>199</height>
		<weight>92</weight>
		<credibility>5</credibility>
		<drug>Nitroglycerin</drug>
		<adverseeffect>Asthma</adverseeffect>
		<drugusage>Nitroglycerin->Asthma</drugusage>
	</record>
	<record>
		<username>Desirae</username>
		<userid>113</userid>
		<age>3</age>
		<sex>female</sex>
		<height>153</height>
		<weight>55</weight>
		<credibility>10</credibility>
		<drug>Insulin</drug>
		<adverseeffect></adverseeffect>
		<drugusage>Insulin-></drugusage>
	</record>
	<record>
		<username>Shay</username>
		<userid>114</userid>
		<age>1</age>
		<sex>female</sex>
		<height>198</height>
		<weight>81</weight>
		<credibility>10</credibility>
		<drug>Dexpanthenol</drug>
		<adverseeffect></adverseeffect>
		<drugusage>Dexpanthenol-></drugusage>
	</record>
	<record>
		<username>Tanya</username>
		<userid>115</userid>
		<age>7</age>
		<sex>female</sex>
		<height>193</height>
		<weight>83</weight>
		<credibility>2</credibility>
		<drug>Zyrtec/Cetirizine</drug>
		<adverseeffect>Hunger, Depression, Ear_pain</adverseeffect>
		<drugusage>Zyrtec/Cetirizine->Hunger, Depression, Ear_pain</drugusage>
	</record>
	<record>
		<username>Pascale</username>
		<userid>116</userid>
		<age>6</age>
		<sex>female</sex>
		<height>165</height>
		<weight>83</weight>
		<credibility>7</credibility>
		<drug>Baclofen</drug>
		<adverseeffect>Ulcer, Tremor, Shock</adverseeffect>
		<drugusage>Baclofen->Ulcer, Tremor, Shock</drugusage>
	</record>
	<record>
		<username>Jael</username>
		<userid>117</userid>
		<age>6</age>
		<sex>female</sex>
		<height>170</height>
		<weight>93</weight>
		<credibility>4</credibility>
		<drug>Zyrtec/Cetirizine</drug>
		<adverseeffect>Vomiting</adverseeffect>
		<drugusage>Zyrtec/Cetirizine->Vomiting</drugusage>
	</record>
	<record>
		<username>Sara</username>
		<userid>118</userid>
		<age>2</age>
		<sex>female</sex>
		<height>163</height>
		<weight>76</weight>
		<credibility>4</credibility>
		<drug>Dopamine</drug>
		<adverseeffect>Diabetic</adverseeffect>
		<drugusage>Dopamine->Diabetic</drugusage>
	</record>
	<record>
		<username>Veda</username>
		<userid>119</userid>
		<age>5</age>
		<sex>female</sex>
		<height>158</height>
		<weight>58</weight>
		<credibility>7</credibility>
		<drug>Vasopressin</drug>
		<adverseeffect></adverseeffect>
		<drugusage>Vasopressin-></drugusage>
	</record>
	<record>
		<username>Victoria</username>
		<userid>120</userid>
		<age>5</age>
		<sex>female</sex>
		<height>168</height>
		<weight>86</weight>
		<credibility>3</credibility>
		<drug>Xanax/Alprazolam</drug>
		<adverseeffect>Redness, Migraine</adverseeffect>
		<drugusage>Xanax/Alprazolam->Redness, Migraine</drugusage>
	</record>
	<record>
		<username>Jennifer</username>
		<userid>121</userid>
		<age>4</age>
		<sex>female</sex>
		<height>180</height>
		<weight>58</weight>
		<credibility>3</credibility>
		<drug>Dopamine</drug>
		<adverseeffect>Coma</adverseeffect>
		<drugusage>Dopamine->Coma</drugusage>
	</record>
	<record>
		<username>Inga</username>
		<userid>122</userid>
		<age>4</age>
		<sex>female</sex>
		<height>158</height>
		<weight>103</weight>
		<credibility>5</credibility>
		<drug>Diazepam</drug>
		<adverseeffect>Migraine, Diabetic</adverseeffect>
		<drugusage>Diazepam->Migraine, Diabetic</drugusage>
	</record>
	<record>
		<username>Eleanor</username>
		<userid>123</userid>
		<age>2</age>
		<sex>female</sex>
		<height>154</height>
		<weight>104</weight>
		<credibility>7</credibility>
		<drug>Panadol/Acetaminophen</drug>
		<adverseeffect>Ulcer, Sweating</adverseeffect>
		<drugusage>Panadol/Acetaminophen->Ulcer, Sweating</drugusage>
	</record>
	<record>
		<username>Ariana</username>
		<userid>124</userid>
		<age>5</age>
		<sex>female</sex>
		<height>161</height>
		<weight>91</weight>
		<credibility>10</credibility>
		<drug>Sertralin</drug>
		<adverseeffect>Vertigo, Coma, Migraine</adverseeffect>
		<drugusage>Sertralin->Vertigo, Coma, Migraine</drugusage>
	</record>
	<record>
		<username>Camilla</username>
		<userid>125</userid>
		<age>6</age>
		<sex>female</sex>
		<height>153</height>
		<weight>77</weight>
		<credibility>3</credibility>
		<drug>Sertralin</drug>
		<adverseeffect>Diarrhoea, Vomiting</adverseeffect>
		<drugusage>Sertralin->Diarrhoea, Vomiting</drugusage>
	</record>
	<record>
		<username>Shelley</username>
		<userid>126</userid>
		<age>8</age>
		<sex>female</sex>
		<height>165</height>
		<weight>101</weight>
		<credibility>6</credibility>
		<drug>Panadol/Acetaminophen</drug>
		<adverseeffect></adverseeffect>
		<drugusage>Panadol/Acetaminophen-></drugusage>
	</record>
	<record>
		<username>Chastity</username>
		<userid>127</userid>
		<age>3</age>
		<sex>female</sex>
		<height>193</height>
		<weight>105</weight>
		<credibility>1</credibility>
		<drug>Ventolin/Salbutamol</drug>
		<adverseeffect>Anxiety, Coma, Redness</adverseeffect>
		<drugusage>Ventolin/Salbutamol->Anxiety, Coma, Redness</drugusage>
	</record>
	<record>
		<username>Camille</username>
		<userid>128</userid>
		<age>7</age>
		<sex>female</sex>
		<height>179</height>
		<weight>114</weight>
		<credibility>4</credibility>
		<drug>Diazepam</drug>
		<adverseeffect>Headache, Asthma</adverseeffect>
		<drugusage>Diazepam->Headache, Asthma</drugusage>
	</record>
	<record>
		<username>Jaquelyn</username>
		<userid>129</userid>
		<age>1</age>
		<sex>female</sex>
		<height>173</height>
		<weight>98</weight>
		<credibility>10</credibility>
		<drug>Diazepam</drug>
		<adverseeffect>Hypersensitivity, Shock</adverseeffect>
		<drugusage>Diazepam->Hypersensitivity, Shock</drugusage>
	</record>
	<record>
		<username>Jillian</username>
		<userid>130</userid>
		<age>3</age>
		<sex>female</sex>
		<height>153</height>
		<weight>96</weight>
		<credibility>10</credibility>
		<drug>Xanax/Alprazolam</drug>
		<adverseeffect></adverseeffect>
		<drugusage>Xanax/Alprazolam-></drugusage>
	</record>
	<record>
		<username>Kellie</username>
		<userid>131</userid>
		<age>8</age>
		<sex>female</sex>
		<height>152</height>
		<weight>97</weight>
		<credibility>9</credibility>
		<drug>Panadol/Acetaminophen</drug>
		<adverseeffect>Sweating, Migraine, Malaise</adverseeffect>
		<drugusage>Panadol/Acetaminophen->Sweating, Migraine, Malaise</drugusage>
	</record>
	<record>
		<username>Judith</username>
		<userid>132</userid>
		<age>2</age>
		<sex>female</sex>
		<height>154</height>
		<weight>119</weight>
		<credibility>9</credibility>
		<drug>Sertralin</drug>
		<adverseeffect>Anxiety, Ear_pain</adverseeffect>
		<drugusage>Sertralin->Anxiety, Ear_pain</drugusage>
	</record>
	<record>
		<username>Carly</username>
		<userid>133</userid>
		<age>10</age>
		<sex>female</sex>
		<height>173</height>
		<weight>67</weight>
		<credibility>8</credibility>
		<drug>EpiPen</drug>
		<adverseeffect>Ear_pain, Redness</adverseeffect>
		<drugusage>EpiPen->Ear_pain, Redness</drugusage>
	</record>
	<record>
		<username>Mollie</username>
		<userid>134</userid>
		<age>3</age>
		<sex>female</sex>
		<height>196</height>
		<weight>67</weight>
		<credibility>3</credibility>
		<drug>Dopamine</drug>
		<adverseeffect></adverseeffect>
		<drugusage>Dopamine-></drugusage>
	</record>
	<record>
		<username>Lara</username>
		<userid>135</userid>
		<age>9</age>
		<sex>female</sex>
		<height>159</height>
		<weight>112</weight>
		<credibility>7</credibility>
		<drug>Insulin</drug>
		<adverseeffect></adverseeffect>
		<drugusage>Insulin-></drugusage>
	</record>
	<record>
		<username>Bo</username>
		<userid>136</userid>
		<age>10</age>
		<sex>female</sex>
		<height>167</height>
		<weight>57</weight>
		<credibility>6</credibility>
		<drug>Diazepam</drug>
		<adverseeffect></adverseeffect>
		<drugusage>Diazepam-></drugusage>
	</record>
	<record>
		<username>Gillian</username>
		<userid>137</userid>
		<age>9</age>
		<sex>female</sex>
		<height>192</height>
		<weight>99</weight>
		<credibility>6</credibility>
		<drug>Voltaren/Diclofenac</drug>
		<adverseeffect></adverseeffect>
		<drugusage>Voltaren/Diclofenac-></drugusage>
	</record>
	<record>
		<username>Althea</username>
		<userid>138</userid>
		<age>6</age>
		<sex>female</sex>
		<height>163</height>
		<weight>114</weight>
		<credibility>8</credibility>
		<drug>Voltaren/Diclofenac</drug>
		<adverseeffect>Sweating, Hypertension</adverseeffect>
		<drugusage>Voltaren/Diclofenac->Sweating, Hypertension</drugusage>
	</record>
	<record>
		<username>Giselle</username>
		<userid>139</userid>
		<age>4</age>
		<sex>female</sex>
		<height>191</height>
		<weight>116</weight>
		<credibility>3</credibility>
		<drug>Ventolin/Salbutamol</drug>
		<adverseeffect>Hunger, Vertigo</adverseeffect>
		<drugusage>Ventolin/Salbutamol->Hunger, Vertigo</drugusage>
	</record>
	<record>
		<username>Summer</username>
		<userid>140</userid>
		<age>3</age>
		<sex>female</sex>
		<height>173</height>
		<weight>69</weight>
		<credibility>10</credibility>
		<drug>Baclofen</drug>
		<adverseeffect>Depression</adverseeffect>
		<drugusage>Baclofen->Depression</drugusage>
	</record>
	<record>
		<username>Unity</username>
		<userid>141</userid>
		<age>3</age>
		<sex>female</sex>
		<height>153</height>
		<weight>84</weight>
		<credibility>3</credibility>
		<drug>Majezik</drug>
		<adverseeffect>Hunger, Ear_pain</adverseeffect>
		<drugusage>Majezik->Hunger, Ear_pain</drugusage>
	</record>
	<record>
		<username>Kirsten</username>
		<userid>142</userid>
		<age>9</age>
		<sex>female</sex>
		<height>199</height>
		<weight>78</weight>
		<credibility>10</credibility>
		<drug>Parol</drug>
		<adverseeffect>Migraine, Hypersensitivity, Shock</adverseeffect>
		<drugusage>Parol->Migraine, Hypersensitivity, Shock</drugusage>
	</record>
	<record>
		<username>Xyla</username>
		<userid>143</userid>
		<age>7</age>
		<sex>female</sex>
		<height>188</height>
		<weight>102</weight>
		<credibility>5</credibility>
		<drug>Baclofen</drug>
		<adverseeffect></adverseeffect>
		<drugusage>Baclofen-></drugusage>
	</record>
	<record>
		<username>Brenda</username>
		<userid>144</userid>
		<age>2</age>
		<sex>female</sex>
		<height>178</height>
		<weight>114</weight>
		<credibility>8</credibility>
		<drug>Dopamine</drug>
		<adverseeffect>Dizziness</adverseeffect>
		<drugusage>Dopamine->Dizziness</drugusage>
	</record>
	<record>
		<username>Jillian</username>
		<userid>145</userid>
		<age>4</age>
		<sex>female</sex>
		<height>175</height>
		<weight>87</weight>
		<credibility>9</credibility>
		<drug>Zyrtec/Cetirizine</drug>
		<adverseeffect>Coma</adverseeffect>
		<drugusage>Zyrtec/Cetirizine->Coma</drugusage>
	</record>
	<record>
		<username>Madison</username>
		<userid>146</userid>
		<age>8</age>
		<sex>female</sex>
		<height>154</height>
		<weight>60</weight>
		<credibility>6</credibility>
		<drug>Aspirin</drug>
		<adverseeffect></adverseeffect>
		<drugusage>Aspirin-></drugusage>
	</record>
	<record>
		<username>Tara</username>
		<userid>147</userid>
		<age>2</age>
		<sex>female</sex>
		<height>183</height>
		<weight>86</weight>
		<credibility>2</credibility>
		<drug>Sertralin</drug>
		<adverseeffect>Migraine, Diabetic, Depression</adverseeffect>
		<drugusage>Sertralin->Migraine, Diabetic, Depression</drugusage>
	</record>
	<record>
		<username>Carly</username>
		<userid>148</userid>
		<age>1</age>
		<sex>female</sex>
		<height>183</height>
		<weight>103</weight>
		<credibility>8</credibility>
		<drug>Dopamine</drug>
		<adverseeffect>Diabetic, Dizziness</adverseeffect>
		<drugusage>Dopamine->Diabetic, Dizziness</drugusage>
	</record>
	<record>
		<username>Nola</username>
		<userid>149</userid>
		<age>5</age>
		<sex>female</sex>
		<height>193</height>
		<weight>107</weight>
		<credibility>3</credibility>
		<drug>Majezik</drug>
		<adverseeffect></adverseeffect>
		<drugusage>Majezik-></drugusage>
	</record>
	<record>
		<username>Zena</username>
		<userid>150</userid>
		<age>5</age>
		<sex>female</sex>
		<height>190</height>
		<weight>62</weight>
		<credibility>7</credibility>
		<drug>Baclofen</drug>
		<adverseeffect></adverseeffect>
		<drugusage>Baclofen-></drugusage>
	</record>
	<record>
		<username>Susan</username>
		<userid>151</userid>
		<age>9</age>
		<sex>female</sex>
		<height>193</height>
		<weight>95</weight>
		<credibility>5</credibility>
		<drug>Panadol/Acetaminophen</drug>
		<adverseeffect></adverseeffect>
		<drugusage>Panadol/Acetaminophen-></drugusage>
	</record>
	<record>
		<username>Kelly</username>
		<userid>152</userid>
		<age>8</age>
		<sex>female</sex>
		<height>179</height>
		<weight>108</weight>
		<credibility>10</credibility>
		<drug>Baclofen</drug>
		<adverseeffect>Migraine, Hunger</adverseeffect>
		<drugusage>Baclofen->Migraine, Hunger</drugusage>
	</record>
	<record>
		<username>Ima</username>
		<userid>153</userid>
		<age>2</age>
		<sex>female</sex>
		<height>170</height>
		<weight>107</weight>
		<credibility>4</credibility>
		<drug>Baclofen</drug>
		<adverseeffect>Chest_pain, Ulcer, Malaise</adverseeffect>
		<drugusage>Baclofen->Chest_pain, Ulcer, Malaise</drugusage>
	</record>
	<record>
		<username>Flavia</username>
		<userid>154</userid>
		<age>10</age>
		<sex>female</sex>
		<height>178</height>
		<weight>73</weight>
		<credibility>8</credibility>
		<drug>Panadol/Acetaminophen</drug>
		<adverseeffect>Depression, Coma</adverseeffect>
		<drugusage>Panadol/Acetaminophen->Depression, Coma</drugusage>
	</record>
	<record>
		<username>Jaquelyn</username>
		<userid>155</userid>
		<age>6</age>
		<sex>female</sex>
		<height>170</height>
		<weight>79</weight>
		<credibility>8</credibility>
		<drug>Parol</drug>
		<adverseeffect>Diarrhoea</adverseeffect>
		<drugusage>Parol->Diarrhoea</drugusage>
	</record>
	<record>
		<username>Mikayla</username>
		<userid>156</userid>
		<age>3</age>
		<sex>female</sex>
		<height>172</height>
		<weight>75</weight>
		<credibility>3</credibility>
		<drug>Majezik</drug>
		<adverseeffect>Headache, Depression</adverseeffect>
		<drugusage>Majezik->Headache, Depression</drugusage>
	</record>
	<record>
		<username>Quin</username>
		<userid>157</userid>
		<age>3</age>
		<sex>female</sex>
		<height>173</height>
		<weight>71</weight>
		<credibility>8</credibility>
		<drug>Ibuprofen</drug>
		<adverseeffect>Dizziness</adverseeffect>
		<drugusage>Ibuprofen->Dizziness</drugusage>
	</record>
	<record>
		<username>Portia</username>
		<userid>158</userid>
		<age>10</age>
		<sex>female</sex>
		<height>183</height>
		<weight>102</weight>
		<credibility>6</credibility>
		<drug>Epinephrine</drug>
		<adverseeffect>Chest_pain, Vertigo</adverseeffect>
		<drugusage>Epinephrine->Chest_pain, Vertigo</drugusage>
	</record>
	<record>
		<username>Kathleen</username>
		<userid>159</userid>
		<age>6</age>
		<sex>female</sex>
		<height>151</height>
		<weight>93</weight>
		<credibility>1</credibility>
		<drug>Diazepam</drug>
		<adverseeffect>Vertigo</adverseeffect>
		<drugusage>Diazepam->Vertigo</drugusage>
	</record>
	<record>
		<username>Joy</username>
		<userid>160</userid>
		<age>9</age>
		<sex>female</sex>
		<height>167</height>
		<weight>91</weight>
		<credibility>5</credibility>
		<drug>Diazepam</drug>
		<adverseeffect>Diarrhoea, Ulcer, Redness</adverseeffect>
		<drugusage>Diazepam->Diarrhoea, Ulcer, Redness</drugusage>
	</record>
	<record>
		<username>Scarlett</username>
		<userid>161</userid>
		<age>9</age>
		<sex>female</sex>
		<height>177</height>
		<weight>106</weight>
		<credibility>2</credibility>
		<drug>Zyrtec/Cetirizine</drug>
		<adverseeffect>Hypersensitivity, Dizziness, Chest_pain</adverseeffect>
		<drugusage>Zyrtec/Cetirizine->Hypersensitivity, Dizziness, Chest_pain</drugusage>
	</record>
	<record>
		<username>Charlotte</username>
		<userid>162</userid>
		<age>4</age>
		<sex>female</sex>
		<height>153</height>
		<weight>69</weight>
		<credibility>6</credibility>
		<drug>Zovirax/Acyclovir</drug>
		<adverseeffect>Diabetic, Shock</adverseeffect>
		<drugusage>Zovirax/Acyclovir->Diabetic, Shock</drugusage>
	</record>
	<record>
		<username>Lael</username>
		<userid>163</userid>
		<age>10</age>
		<sex>female</sex>
		<height>179</height>
		<weight>117</weight>
		<credibility>6</credibility>
		<drug>Aspirin</drug>
		<adverseeffect></adverseeffect>
		<drugusage>Aspirin-></drugusage>
	</record>
	<record>
		<username>Ingrid</username>
		<userid>164</userid>
		<age>3</age>
		<sex>female</sex>
		<height>185</height>
		<weight>113</weight>
		<credibility>10</credibility>
		<drug>Nitroglycerin</drug>
		<adverseeffect>Vertigo</adverseeffect>
		<drugusage>Nitroglycerin->Vertigo</drugusage>
	</record>
	<record>
		<username>Kimberley</username>
		<userid>165</userid>
		<age>1</age>
		<sex>female</sex>
		<height>172</height>
		<weight>69</weight>
		<credibility>10</credibility>
		<drug>Dopamine</drug>
		<adverseeffect>Hypersensitivity, Tremor</adverseeffect>
		<drugusage>Dopamine->Hypersensitivity, Tremor</drugusage>
	</record>
	<record>
		<username>Glenna</username>
		<userid>166</userid>
		<age>2</age>
		<sex>female</sex>
		<height>157</height>
		<weight>86</weight>
		<credibility>3</credibility>
		<drug>EpiPen</drug>
		<adverseeffect></adverseeffect>
		<drugusage>EpiPen-></drugusage>
	</record>
	<record>
		<username>Iola</username>
		<userid>167</userid>
		<age>5</age>
		<sex>female</sex>
		<height>151</height>
		<weight>64</weight>
		<credibility>10</credibility>
		<drug>Nitroglycerin</drug>
		<adverseeffect>Diabetic, Depression</adverseeffect>
		<drugusage>Nitroglycerin->Diabetic, Depression</drugusage>
	</record>
	<record>
		<username>Sylvia</username>
		<userid>168</userid>
		<age>6</age>
		<sex>female</sex>
		<height>186</height>
		<weight>70</weight>
		<credibility>9</credibility>
		<drug>Aspirin</drug>
		<adverseeffect>Coma, Diarrhoea, Redness</adverseeffect>
		<drugusage>Aspirin->Coma, Diarrhoea, Redness</drugusage>
	</record>
	<record>
		<username>Cynthia</username>
		<userid>169</userid>
		<age>1</age>
		<sex>female</sex>
		<height>190</height>
		<weight>110</weight>
		<credibility>10</credibility>
		<drug>Voltaren/Diclofenac</drug>
		<adverseeffect>Diarrhoea, Sweating</adverseeffect>
		<drugusage>Voltaren/Diclofenac->Diarrhoea, Sweating</drugusage>
	</record>
	<record>
		<username>Jolie</username>
		<userid>170</userid>
		<age>1</age>
		<sex>female</sex>
		<height>152</height>
		<weight>58</weight>
		<credibility>4</credibility>
		<drug>Zovirax/Acyclovir</drug>
		<adverseeffect>Migraine</adverseeffect>
		<drugusage>Zovirax/Acyclovir->Migraine</drugusage>
	</record>
	<record>
		<username>Grace</username>
		<userid>171</userid>
		<age>1</age>
		<sex>female</sex>
		<height>174</height>
		<weight>61</weight>
		<credibility>5</credibility>
		<drug>Ventolin/Salbutamol</drug>
		<adverseeffect></adverseeffect>
		<drugusage>Ventolin/Salbutamol-></drugusage>
	</record>
	<record>
		<username>September</username>
		<userid>172</userid>
		<age>4</age>
		<sex>female</sex>
		<height>200</height>
		<weight>89</weight>
		<credibility>2</credibility>
		<drug>Dopamine</drug>
		<adverseeffect>Hypersensitivity, Hypertension, Ulcer</adverseeffect>
		<drugusage>Dopamine->Hypersensitivity, Hypertension, Ulcer</drugusage>
	</record>
	<record>
		<username>Hannah</username>
		<userid>173</userid>
		<age>6</age>
		<sex>female</sex>
		<height>197</height>
		<weight>96</weight>
		<credibility>10</credibility>
		<drug>Parol</drug>
		<adverseeffect>Dizziness, Sweating</adverseeffect>
		<drugusage>Parol->Dizziness, Sweating</drugusage>
	</record>
	<record>
		<username>Charity</username>
		<userid>174</userid>
		<age>9</age>
		<sex>female</sex>
		<height>184</height>
		<weight>106</weight>
		<credibility>5</credibility>
		<drug>Baclofen</drug>
		<adverseeffect></adverseeffect>
		<drugusage>Baclofen-></drugusage>
	</record>
	<record>
		<username>Britanney</username>
		<userid>175</userid>
		<age>4</age>
		<sex>female</sex>
		<height>173</height>
		<weight>105</weight>
		<credibility>5</credibility>
		<drug>Nitroglycerin</drug>
		<adverseeffect>Hypertension, Hunger, Anxiety</adverseeffect>
		<drugusage>Nitroglycerin->Hypertension, Hunger, Anxiety</drugusage>
	</record>
	<record>
		<username>Hedwig</username>
		<userid>176</userid>
		<age>10</age>
		<sex>female</sex>
		<height>165</height>
		<weight>67</weight>
		<credibility>8</credibility>
		<drug>Insulin</drug>
		<adverseeffect>Dizziness</adverseeffect>
		<drugusage>Insulin->Dizziness</drugusage>
	</record>
	<record>
		<username>Danielle</username>
		<userid>177</userid>
		<age>5</age>
		<sex>female</sex>
		<height>194</height>
		<weight>85</weight>
		<credibility>5</credibility>
		<drug>Dexpanthenol</drug>
		<adverseeffect>Hunger</adverseeffect>
		<drugusage>Dexpanthenol->Hunger</drugusage>
	</record>
	<record>
		<username>Denise</username>
		<userid>178</userid>
		<age>10</age>
		<sex>female</sex>
		<height>156</height>
		<weight>102</weight>
		<credibility>10</credibility>
		<drug>Vasopressin</drug>
		<adverseeffect>Sweating, Diabetic, Coma</adverseeffect>
		<drugusage>Vasopressin->Sweating, Diabetic, Coma</drugusage>
	</record>
	<record>
		<username>Simone</username>
		<userid>179</userid>
		<age>2</age>
		<sex>female</sex>
		<height>152</height>
		<weight>95</weight>
		<credibility>10</credibility>
		<drug>Voltaren/Diclofenac</drug>
		<adverseeffect>Vertigo, Hypersensitivity</adverseeffect>
		<drugusage>Voltaren/Diclofenac->Vertigo, Hypersensitivity</drugusage>
	</record>
	<record>
		<username>Rhonda</username>
		<userid>180</userid>
		<age>9</age>
		<sex>female</sex>
		<height>158</height>
		<weight>99</weight>
		<credibility>5</credibility>
		<drug>Aspirin</drug>
		<adverseeffect>Vertigo, Ear_pain, Migraine</adverseeffect>
		<drugusage>Aspirin->Vertigo, Ear_pain, Migraine</drugusage>
	</record>
	<record>
		<username>Kay</username>
		<userid>181</userid>
		<age>1</age>
		<sex>female</sex>
		<height>171</height>
		<weight>113</weight>
		<credibility>2</credibility>
		<drug>Aspirin</drug>
		<adverseeffect>Headache</adverseeffect>
		<drugusage>Aspirin->Headache</drugusage>
	</record>
	<record>
		<username>Lacota</username>
		<userid>182</userid>
		<age>2</age>
		<sex>female</sex>
		<height>198</height>
		<weight>94</weight>
		<credibility>2</credibility>
		<drug>Epinephrine</drug>
		<adverseeffect>Sweating, Ear_pain</adverseeffect>
		<drugusage>Epinephrine->Sweating, Ear_pain</drugusage>
	</record>
	<record>
		<username>Winter</username>
		<userid>183</userid>
		<age>9</age>
		<sex>female</sex>
		<height>176</height>
		<weight>103</weight>
		<credibility>9</credibility>
		<drug>Epinephrine</drug>
		<adverseeffect></adverseeffect>
		<drugusage>Epinephrine-></drugusage>
	</record>
	<record>
		<username>Jenette</username>
		<userid>184</userid>
		<age>6</age>
		<sex>female</sex>
		<height>198</height>
		<weight>59</weight>
		<credibility>3</credibility>
		<drug>Ventolin/Salbutamol</drug>
		<adverseeffect></adverseeffect>
		<drugusage>Ventolin/Salbutamol-></drugusage>
	</record>
	<record>
		<username>Athena</username>
		<userid>185</userid>
		<age>8</age>
		<sex>female</sex>
		<height>156</height>
		<weight>75</weight>
		<credibility>2</credibility>
		<drug>Zovirax/Acyclovir</drug>
		<adverseeffect>Vomiting, Depression</adverseeffect>
		<drugusage>Zovirax/Acyclovir->Vomiting, Depression</drugusage>
	</record>
	<record>
		<username>Unity</username>
		<userid>186</userid>
		<age>8</age>
		<sex>female</sex>
		<height>170</height>
		<weight>115</weight>
		<credibility>10</credibility>
		<drug>Vasopressin</drug>
		<adverseeffect>Migraine</adverseeffect>
		<drugusage>Vasopressin->Migraine</drugusage>
	</record>
	<record>
		<username>Lareina</username>
		<userid>187</userid>
		<age>9</age>
		<sex>female</sex>
		<height>189</height>
		<weight>96</weight>
		<credibility>7</credibility>
		<drug>Ventolin/Salbutamol</drug>
		<adverseeffect>Hunger, Vertigo, Depression</adverseeffect>
		<drugusage>Ventolin/Salbutamol->Hunger, Vertigo, Depression</drugusage>
	</record>
	<record>
		<username>Shaine</username>
		<userid>188</userid>
		<age>4</age>
		<sex>female</sex>
		<height>178</height>
		<weight>80</weight>
		<credibility>3</credibility>
		<drug>Ibuprofen</drug>
		<adverseeffect>Hunger</adverseeffect>
		<drugusage>Ibuprofen->Hunger</drugusage>
	</record>
	<record>
		<username>Denise</username>
		<userid>189</userid>
		<age>9</age>
		<sex>female</sex>
		<height>172</height>
		<weight>84</weight>
		<credibility>2</credibility>
		<drug>Panadol/Acetaminophen</drug>
		<adverseeffect>Tremor, Ear_pain, Hunger</adverseeffect>
		<drugusage>Panadol/Acetaminophen->Tremor, Ear_pain, Hunger</drugusage>
	</record>
	<record>
		<username>Roary</username>
		<userid>190</userid>
		<age>1</age>
		<sex>female</sex>
		<height>159</height>
		<weight>82</weight>
		<credibility>5</credibility>
		<drug>Dexpanthenol</drug>
		<adverseeffect>Ear_pain, Hypertension</adverseeffect>
		<drugusage>Dexpanthenol->Ear_pain, Hypertension</drugusage>
	</record>
	<record>
		<username>Fallon</username>
		<userid>191</userid>
		<age>4</age>
		<sex>female</sex>
		<height>170</height>
		<weight>67</weight>
		<credibility>1</credibility>
		<drug>Ibuprofen</drug>
		<adverseeffect>Dizziness, Shock, Coma</adverseeffect>
		<drugusage>Ibuprofen->Dizziness, Shock, Coma</drugusage>
	</record>
	<record>
		<username>Yvonne</username>
		<userid>192</userid>
		<age>4</age>
		<sex>female</sex>
		<height>153</height>
		<weight>106</weight>
		<credibility>10</credibility>
		<drug>Xanax/Alprazolam</drug>
		<adverseeffect>Malaise</adverseeffect>
		<drugusage>Xanax/Alprazolam->Malaise</drugusage>
	</record>
	<record>
		<username>Amelia</username>
		<userid>193</userid>
		<age>8</age>
		<sex>female</sex>
		<height>172</height>
		<weight>64</weight>
		<credibility>1</credibility>
		<drug>Dopamine</drug>
		<adverseeffect>Hypertension, Anxiety, Tremor</adverseeffect>
		<drugusage>Dopamine->Hypertension, Anxiety, Tremor</drugusage>
	</record>
	<record>
		<username>Pascale</username>
		<userid>194</userid>
		<age>3</age>
		<sex>female</sex>
		<height>199</height>
		<weight>83</weight>
		<credibility>2</credibility>
		<drug>Dexpanthenol</drug>
		<adverseeffect></adverseeffect>
		<drugusage>Dexpanthenol-></drugusage>
	</record>
	<record>
		<username>Tatum</username>
		<userid>195</userid>
		<age>5</age>
		<sex>female</sex>
		<height>184</height>
		<weight>104</weight>
		<credibility>5</credibility>
		<drug>Insulin</drug>
		<adverseeffect>Ulcer</adverseeffect>
		<drugusage>Insulin->Ulcer</drugusage>
	</record>
	<record>
		<username>Madaline</username>
		<userid>196</userid>
		<age>4</age>
		<sex>female</sex>
		<height>192</height>
		<weight>79</weight>
		<credibility>2</credibility>
		<drug>EpiPen</drug>
		<adverseeffect>Tremor, Diarrhoea, Chest_pain</adverseeffect>
		<drugusage>EpiPen->Tremor, Diarrhoea, Chest_pain</drugusage>
	</record>
	<record>
		<username>Reagan</username>
		<userid>197</userid>
		<age>2</age>
		<sex>female</sex>
		<height>186</height>
		<weight>70</weight>
		<credibility>9</credibility>
		<drug>Majezik</drug>
		<adverseeffect>Vertigo</adverseeffect>
		<drugusage>Majezik->Vertigo</drugusage>
	</record>
	<record>
		<username>Yvette</username>
		<userid>198</userid>
		<age>10</age>
		<sex>female</sex>
		<height>156</height>
		<weight>72</weight>
		<credibility>4</credibility>
		<drug>Nitroglycerin</drug>
		<adverseeffect>Vertigo, Dizziness</adverseeffect>
		<drugusage>Nitroglycerin->Vertigo, Dizziness</drugusage>
	</record>
	<record>
		<username>Shelley</username>
		<userid>199</userid>
		<age>4</age>
		<sex>female</sex>
		<height>181</height>
		<weight>70</weight>
		<credibility>6</credibility>
		<drug>Aspirin</drug>
		<adverseeffect>Diabetic, Chest_pain</adverseeffect>
		<drugusage>Aspirin->Diabetic, Chest_pain</drugusage>
	</record>
	<record>
		<username>Rhiannon</username>
		<userid>200</userid>
		<age>7</age>
		<sex>female</sex>
		<height>167</height>
		<weight>117</weight>
		<credibility>2</credibility>
		<drug>Ventolin/Salbutamol</drug>
		<adverseeffect>Dizziness, Malaise</adverseeffect>
		<drugusage>Ventolin/Salbutamol->Dizziness, Malaise</drugusage>
	</record>
</records>