username|userid|age|sex|height|weight|credibility|drug|adverseeffect|drugusage
Joy|101|10|female|162|83|7|Zyrtec/Cetirizine|Diabetic|Zyrtec/Cetirizine->Diabetic
Yvonne|102|2|female|150|102|3|Parol|Vertigo, Redness|Parol->Vertigo, Redness
Catherine|103|8|female|163|82|9|Nitroglycerin|Malaise, Asthma, Migraine|Nitroglycerin->Malaise, Asthma, Migraine
Kylan|104|8|female|161|113|5|Xanax/Alprazolam||Xanax/Alprazolam->
Joelle|105|5|female|176|107|8|Vasopressin|Chest_pain|Vasopressin->Chest_pain
Gloria|106|3|female|150|84|4|Zovirax/Acyclovir|Sweating, Ulcer, Diarrhoea|Zovirax/Acyclovir->Sweating, Ulcer, Diarrhoea
Roary|107|4|female|195|67|10|Ventolin/Salbutamol||Ventolin/Salbutamol->
Blair|108|4|female|176|58|7|Insulin|Anxiety, Redness|Insulin->Anxiety, Redness
Stephanie|109|7|female|197|64|7|Majezik|Shock|Majezik->Shock
Zelenia|110|2|female|195|110|3|Parol|Malaise|Parol->Malaise
Jayme|111|5|female|198|112|1|Vasopressin|Vomiting, Diabetic|Vasopressin->Vomiting, Diabetic
Jescie|112|8|female|183|119|4|Xanax/Alprazolam||Xanax/Alprazolam->
Adele|113|6|female|186|70|5|Parol|Chest_pain, Hunger|Parol->Chest_pain, Hunger
Kim|114|2|female|189|92|6|Nitroglycerin|Ear_pain, Hypersensitivity, Vomiting|Nitroglycerin->Ear_pain, Hypersensitivity, Vomiting
Barbara|115|1|female|160|119|2|Nitroglycerin|Headache|Nitroglycerin->Headache
Jessamine|116|9|female|192|73|9|Dopamine|Malaise|Dopamine->Malaise
Wilma|117|4|female|169|57|5|Voltaren/Diclofenac||Voltaren/Diclofenac->
Portia|118|7|female|197|120|7|Vasopressin|Depression|Vasopressin->Depression
Chava|119|5|female|181|64|9|Nitroglycerin|Vomiting, Hypersensitivity, Hypertension|Nitroglycerin->Vomiting, Hypersensitivity, Hypertension
Brynn|120|4|female|167|103|10|Panadol/Acetaminophen||Panadol/Acetaminophen->
Shana|121|1|female|166|75|7|Dexpanthenol|Depression|Dexpanthenol->Depression
Naomi|122|4|female|188|75|1|Sertralin|Migraine, Hypertension|Sertralin->Migraine, Hypertension
Quynn|123|1|female|172|83|7|Zyrtec/Cetirizine|Sweating, Malaise|Zyrtec/Cetirizine->Sweating, Malaise
Brynne|124|5|female|162|80|7|Zovirax/Acyclovir||Zovirax/Acyclovir->
Galena|125|2|female|199|103|6|Epinephrine|Headache, Ear_pain|Epinephrine->Headache, Ear_pain
Margaret|126|6|female|153|119|9|Sertralin|Vertigo, Hunger|Sertralin->Vertigo, Hunger
Jordan|127|10|female|176|85|7|Dopamine|Hunger|Dopamine->Hunger
Danielle|128|9|female|197|83|6|Baclofen||Baclofen->
Winifred|129|1|female|156|84|1|EpiPen|Anxiety, Vertigo|EpiPen->Anxiety, Vertigo
Ursa|130|3|female|192|118|5|Insulin|Redness, Sweating, Headache|Insulin->Redness, Sweating, Headache
Zia|131|1|female|180|112|6|Zyrtec/Cetirizine|Diabetic, Vomiting, Diarrhoea|Zyrtec/Cetirizine->Diabetic, Vomiting, Diarrhoea
Juliet|132|5|female|184|106|6|Nitroglycerin|Sweating, Hypertension|Nitroglycerin->Sweating, Hypertension
Veda|133|2|female|174|84|10|Majezik|Ear_pain, Dizziness, Diabetic|Majezik->Ear_pain, Dizziness, Diabetic
Idona|134|2|female|152|117|4|Majezik||Majezik->
Aspen|135|9|female|178|65|8|Dexpanthenol|Diarrhoea, Chest_pain|Dexpanthenol->Diarrhoea, Chest_pain
Kessie|136|4|female|157|93|2|Diazepam|Ulcer, Diabetic|Diazepam->Ulcer, Diabetic
Caryn|137|7|female|156|106|9|Majezik|Ear_pain, Malaise|Majezik->Ear_pain, Malaise
Dominique|138|5|female|159|56|2|Epinephrine|Anxiety, Diabetic, Asthma|Epinephrine->Anxiety, Diabetic, Asthma
Leigh|139|2|female|153|84|10|Dexpanthenol||Dexpanthenol->
Caryn|140|5|female|162|114|5|Panadol/Acetaminophen|Anxiety, Hypertension, Vomiting|Panadol/Acetaminophen->Anxiety, Hypertension, Vomiting
Kai|141|10|female|179|104|1|Dexpanthenol||Dexpanthenol->
Reagan|142|5|female|193|83|7|Parol||Parol->
Quail|143|7|female|199|63|3|Insulin|Hypersensitivity, Malaise|Insulin->Hypersensitivity, Malaise
Julie|144|2|female|181|63|1|Ventolin/Salbutamol|Tremor, Vertigo|Ventolin/Salbutamol->Tremor, Vertigo
Mari|145|9|female|151|114|7|Nitroglycerin|Malaise, Anxiety, Diabetic|Nitroglycerin->Malaise, Anxiety, Diabetic
Joy|146|2|female|171|82|3|Dopamine|Ear_pain|Dopamine->Ear_pain
Sara|147|9|female|197|63|8|Majezik|Migraine|Majezik->Migraine
Shay|148|3|female|152|64|8|Majezik||Majezik->
Gwendolyn|149|7|female|184|102|10|Ibuprofen|Asthma, Malaise|Ibuprofen->Asthma, Malaise
Gwendolyn|150|3|female|180|76|6|Zyrtec/Cetirizine|Tremor|Zyrtec/Cetirizine->Tremor
Zelda|151|1|female|172|85|10|Zyrtec/Cetirizine||Zyrtec/Cetirizine->
Marah|152|7|female|174|119|8|Majezik||Majezik->
Raven|153|2|female|172|70|3|Insulin||Insulin->
Chastity|154|2|female|195|93|3|Voltaren/Diclofenac|Hunger, Hypertension, Ear_pain|Voltaren/Diclofenac->Hunger, Hypertension, Ear_pain
Joy|155|1|female|167|113|7|Dopamine||Dopamine->
Meghan|156|1|female|170|74|3|Dexpanthenol|Depression|Dexpanthenol->Depression
Audrey|157|7|female|176|94|8|Xanax/Alprazolam|Migraine, Depression, Diabetic|Xanax/Alprazolam->Migraine, Depression, Diabetic
Ocean|158|2|female|192|96|10|Diazepam|Depression|Diazepam->Depression
Linda|159|5|female|163|92|4|Vasopressin|Dizziness, Anxiety|Vasopressin->Dizziness, Anxiety
Yuri|160|2|female|185|116|1|Ventolin/Salbutamol||Ventolin/Salbutamol->
Keely|161|2|female|183|65|3|Xanax/Alprazolam|Ulcer, Vomiting, Hypertension|Xanax/Alprazolam->Ulcer, Vomiting, Hypertension
Quin|162|9|female|174|103|2|Ventolin/Salbutamol|Vertigo, Coma, Diarrhoea|Ventolin/Salbutamol->Vertigo, Coma, Diarrhoea
Amena|163|6|female|196|56|9|Zovirax/Acyclovir|Tremor, Asthma|Zovirax/Acyclovir->Tremor, Asthma
Gail|164|3|female|165|103|6|Aspirin||Aspirin->
Jenette|165|8|female|158|119|8|Panadol/Acetaminophen|Coma, Shock|Panadol/Acetaminophen->Coma, Shock
Jemima|166|4|female|163|63|8|Epinephrine|Depression, Vomiting, Coma|Epinephrine->Depression, Vomiting, Coma
Maryam|167|10|female|150|86|4|Ibuprofen|Tremor, Malaise|Ibuprofen->Tremor, Malaise
Mary|168|8|female|171|64|3|Baclofen|Sweating|Baclofen->Sweating
Aretha|169|8|female|175|69|8|Parol|Diarrhoea|Parol->Diarrhoea
Jessamine|170|3|female|168|68|7|Insulin|Vomiting|Insulin->Vomiting
Brenda|171|10|female|191|118|2|Zyrtec/Cetirizine|Hunger|Zyrtec/Cetirizine->Hunger
Quyn|172|10|female|161|79|6|Majezik|Hunger|Majezik->Hunger
Constance|173|8|female|192|98|4|Dopamine||Dopamine->
Bertha|174|8|female|160|55|9|EpiPen|Tremor, Ear_pain, Malaise|EpiPen->Tremor, Ear_pain, Malaise
Gretchen|175|1|female|169|120|7|Insulin|Shock, Dizziness|Insulin->Shock, Dizziness
Isadora|176|9|female|153|110|5|Diazepam|Headache, Migraine|Diazepam->Headache, Migraine
April|177|3|female|171|98|6|Parol|Malaise, Hunger, Anxiety|Parol->Malaise, Hunger, Anxiety
Jessica|178|4|female|166|63|10|Insulin|Diarrhoea, Tremor|Insulin->Diarrhoea, Tremor
Iliana|179|8|female|185|76|1|Nitroglycerin|Dizziness, Diarrhoea, Ulcer|Nitroglycerin->Dizziness, Diarrhoea, Ulcer
Aileen|180|4|female|171|93|8|Zyrtec/Cetirizine||Zyrtec/Cetirizine->
Frances|181|8|female|182|106|4|Vasopressin||Vasopressin->
Felicia|182|9|female|164|63|6|Dopamine|Depression, Tremor|Dopamine->Depression, Tremor
Lydia|183|8|female|190|65|4|EpiPen|Depression, Chest_pain, Vertigo|EpiPen->Depression, Chest_pain, Vertigo
Odessa|184|1|female|158|110|9|Ibuprofen||Ibuprofen->
Kathleen|185|2|female|169|66|4|Sertralin|Hypersensitivity|Sertralin->Hypersensitivity
Illiana|186|4|female|190|119|6|Xanax/Alprazolam|Depression, Hunger|Xanax/Alprazolam->Depression, Hunger
Whoopi|187|9|female|171|57|10|Epinephrine|Hunger, Diabetic, Hypersensitivity|Epinephrine->Hunger, Diabetic, Hypersensitivity
Maris|188|1|female|156|104|7|Vasopressin||Vasopressin->
Celeste|189|7|female|152|109|10|Voltaren/Diclofenac|Dizziness|Voltaren/Diclofenac->Dizziness
Imogene|190|6|female|180|120|5|Panadol/Acetaminophen|Ear_pain, Chest_pain, Tremor|Panadol/Acetaminophen->Ear_pain, Chest_pain, Tremor
Nelle|191|1|female|182|80|4|Zyrtec/Cetirizine||Zyrtec/Cetirizine->
Eugenia|192|5|female|198|93|4|Majezik||Majezik->
Giselle|193|6|female|174|94|1|Epinephrine|Chest_pain, Ulcer|Epinephrine->Chest_pain, Ulcer
Dai|194|3|female|174|70|3|Nitroglycerin|Hypertension, Vomiting|Nitroglycerin->Hypertension, Vomiting
Shellie|195|8|female|167|118|10|Panadol/Acetaminophen||Panadol/Acetaminophen->
Nadine|196|6|female|175|102|1|Dexpanthenol||Dexpanthenol->
Illiana|197|6|female|152|98|5|Voltaren/Diclofenac|Redness, Anxiety, Hunger|Voltaren/Diclofenac->Redness, Anxiety, Hunger
Bertha|198|10|female|167|88|7|Dexpanthenol||Dexpanthenol->
Xantha|199|9|female|167|71|8|Baclofen|Diarrhoea, Sweating|Baclofen->Diarrhoea, Sweating
Sigourney|200|9|female|185|99|6|Majezik|Hypersensitivity, Hunger, Migraine|Majezik->Hypersensitivity, Hunger, Migraine