<?xml version="1.0" encoding="UTF-8" ?><records>
	<record>
		<username>Brandon</username>
		<userid>101</userid>
		<age>42</age>
		<sex>male</sex>
		<height>152</height>
		<weight>120</weight>
		<credibility>4</credibility>
		<drug1>Dopamine</drug1>
		<adverseeffect1>Hypertension, Asthma</adverseeffect1>
		<drug2>Nitroglycerin</drug2>
		<adverseeffect2>Headache, Migraine</adverseeffect2>
		<drugusage>Dopamine->Hypertension, Asthma ; Nitroglycerin->Headache, Migraine</drugusage>
	</record>
	<record>
		<username>Keegan</username>
		<userid>102</userid>
		<age>42</age>
		<sex>male</sex>
		<height>196</height>
		<weight>108</weight>
		<credibility>3</credibility>
		<drug1>EpiPen</drug1>
		<adverseeffect1>Diabetic, Coma</adverseeffect1>
		<drug2>Voltaren/Diclofenac</drug2>
		<adverseeffect2>Hunger, Chest_pain</adverseeffect2>
		<drugusage>EpiPen->Diabetic, Coma ; Voltaren/Diclofenac->Hunger, Chest_pain</drugusage>
	</record>
	<record>
		<username>Dexter</username>
		<userid>103</userid>
		<age>62</age>
		<sex>male</sex>
		<height>154</height>
		<weight>63</weight>
		<credibility>9</credibility>
		<drug1>Insulin</drug1>
		<adverseeffect1>Chest_pain, Asthma</adverseeffect1>
		<drug2>Ventolin/Salbutamol</drug2>
		<adverseeffect2>Shock, Coma</adverseeffect2>
		<drugusage>Insulin->Chest_pain, Asthma ; Ventolin/Salbutamol->Shock, Coma</drugusage>
	</record>
	<record>
		<username>Keaton</username>
		<userid>104</userid>
		<age>34</age>
		<sex>male</sex>
		<height>197</height>
		<weight>85</weight>
		<credibility>2</credibility>
		<drug1>Aspirin</drug1>
		<adverseeffect1>Redness, Dizziness</adverseeffect1>
		<drug2>Zovirax/Acyclovir</drug2>
		<adverseeffect2>Hunger, Sweating</adverseeffect2>
		<drugusage>Aspirin->Redness, Dizziness ; Zovirax/Acyclovir->Hunger, Sweating</drugusage>
	</record>
	<record>
		<username>Herrod</username>
		<userid>105</userid>
		<age>57</age>
		<sex>male</sex>
		<height>186</height>
		<weight>61</weight>
		<credibility>3</credibility>
		<drug1>Epinephrine</drug1>
		<adverseeffect1>Vertigo, Diabetic</adverseeffect1>
		<drug2>Zovirax/Acyclovir</drug2>
		<adverseeffect2>Vertigo, Sweating</adverseeffect2>
		<drugusage>Epinephrine->Vertigo, Diabetic ; Zovirax/Acyclovir->Vertigo, Sweating</drugusage>
	</record>
	<record>
		<username>Paki</username>
		<userid>106</userid>
		<age>32</age>
		<sex>male</sex>
		<height>152</height>
		<weight>60</weight>
		<credibility>2</credibility>
		<drug1>Dopamine</drug1>
		<adverseeffect1>Headache, Migraine</adverseeffect1>
		<drug2>Vasopressin</drug2>
		<adverseeffect2>Asthma, Ulcer</adverseeffect2>
		<drugusage>Dopamine->Headache, Migraine ; Vasopressin->Asthma, Ulcer</drugusage>
	</record>
	<record>
		<username>Mark</username>
		<userid>107</userid>
		<age>49</age>
		<sex>male</sex>
		<height>151</height>
		<weight>96</weight>
		<credibility>10</credibility>
		<drug1>Epinephrine</drug1>
		<adverseeffect1>Malaise, Vertigo</adverseeffect1>
		<drug2>Xanax/Alprazolam</drug2>
		<adverseeffect2>Depression, Diabetic</adverseeffect2>
		<drugusage>Epinephrine->Malaise, Vertigo ; Xanax/Alprazolam->Depression, Diabetic</drugusage>
	</record>
	<record>
		<username>Neil</username>
		<userid>108</userid>
		<age>55</age>
		<sex>male</sex>
		<height>164</height>
		<weight>62</weight>
		<credibility>10</credibility>
		<drug1>Epinephrine</drug1>
		<adverseeffect1>Coma, Chest_pain</adverseeffect1>
		<drug2>Ventolin/Salbutamol</drug2>
		<adverseeffect2>Depression, Tremor</adverseeffect2>
		<drugusage>Epinephrine->Coma, Chest_pain ; Ventolin/Salbutamol->Depression, Tremor</drugusage>
	</record>
	<record>
		<username>Nicholas</username>
		<userid>109</userid>
		<age>56</age>
		<sex>male</sex>
		<height>178</height>
		<weight>71</weight>
		<credibility>9</credibility>
		<drug1>Dopamine</drug1>
		<adverseeffect1>Dizziness, Chest_pain</adverseeffect1>
		<drug2>Nitroglycerin</drug2>
		<adverseeffect2>Malaise, Vertigo</adverseeffect2>
		<drugusage>Dopamine->Dizziness, Chest_pain ; Nitroglycerin->Malaise, Vertigo</drugusage>
	</record>
	<record>
		<username>Ishmael</username>
		<userid>110</userid>
		<age>69</age>
		<sex>male</sex>
		<height>175</height>
		<weight>101</weight>
		<credibility>6</credibility>
		<drug1>Aspirin</drug1>
		<adverseeffect1>Sweating, Dizziness</adverseeffect1>
		<drug2>Xanax/Alprazolam</drug2>
		<adverseeffect2>Vertigo, Hypersensitivity</adverseeffect2>
		<drugusage>Aspirin->Sweating, Dizziness ; Xanax/Alprazolam->Vertigo, Hypersensitivity</drugusage>
	</record>
	<record>
		<username>Coby</username>
		<userid>111</userid>
		<age>65</age>
		<sex>male</sex>
		<height>191</height>
		<weight>82</weight>
		<credibility>10</credibility>
		<drug1>Diazepam</drug1>
		<adverseeffect1>Ulcer, Ear_pain</adverseeffect1>
		<drug2>Sertralin</drug2>
		<adverseeffect2>Hunger, Diarrhoea</adverseeffect2>
		<drugusage>Diazepam->Ulcer, Ear_pain ; Sertralin->Hunger, Diarrhoea</drugusage>
	</record>
	<record>
		<username>Herrod</username>
		<userid>112</userid>
		<age>56</age>
		<sex>male</sex>
		<height>178</height>
		<weight>71</weight>
		<credibility>1</credibility>
		<drug1>EpiPen</drug1>
		<adverseeffect1>Vertigo, Headache</adverseeffect1>
		<drug2>Nitroglycerin</drug2>
		<adverseeffect2>Hypersensitivity, Depression</adverseeffect2>
		<drugusage>EpiPen->Vertigo, Headache ; Nitroglycerin->Hypersensitivity, Depression</drugusage>
	</record>
	<record>
		<username>Matthew</username>
		<userid>113</userid>
		<age>23</age>
		<sex>male</sex>
		<height>179</height>
		<weight>72</weight>
		<credibility>1</credibility>
		<drug1>Dopamine</drug1>
		<adverseeffect1>Sweating, Hunger</adverseeffect1>
		<drug2>Ventolin/Salbutamol</drug2>
		<adverseeffect2>Migraine, Tremor</adverseeffect2>
		<drugusage>Dopamine->Sweating, Hunger ; Ventolin/Salbutamol->Migraine, Tremor</drugusage>
	</record>
	<record>
		<username>Kareem</username>
		<userid>114</userid>
		<age>40</age>
		<sex>male</sex>
		<height>185</height>
		<weight>117</weight>
		<credibility>3</credibility>
		<drug1>Ibuprofen</drug1>
		<adverseeffect1>Migraine, Malaise</adverseeffect1>
		<drug2>Nitroglycerin</drug2>
		<adverseeffect2>Shock, Hypersensitivity</adverseeffect2>
		<drugusage>Ibuprofen->Migraine, Malaise ; Nitroglycerin->Shock, Hypersensitivity</drugusage>
	</record>
	<record>
		<username>Ivor</username>
		<userid>115</userid>
		<age>49</age>
		<sex>male</sex>
		<height>152</height>
		<weight>116</weight>
		<credibility>8</credibility>
		<drug1>Dopamine</drug1>
		<adverseeffect1>Hunger, Anxiety</adverseeffect1>
		<drug2>Zovirax/Acyclovir</drug2>
		<adverseeffect2>Shock, Asthma</adverseeffect2>
		<drugusage>Dopamine->Hunger, Anxiety ; Zovirax/Acyclovir->Shock, Asthma</drugusage>
	</record>
	<record>
		<username>Ian</username>
		<userid>116</userid>
		<age>57</age>
		<sex>male</sex>
		<height>180</height>
		<weight>107</weight>
		<credibility>6</credibility>
		<drug1>Insulin</drug1>
		<adverseeffect1>Ear_pain, Redness</adverseeffect1>
		<drug2>Ventolin/Salbutamol</drug2>
		<adverseeffect2>Diabetic, Malaise</adverseeffect2>
		<drugusage>Insulin->Ear_pain, Redness ; Ventolin/Salbutamol->Diabetic, Malaise</drugusage>
	</record>
	<record>
		<username>Guy</username>
		<userid>117</userid>
		<age>48</age>
		<sex>male</sex>
		<height>158</height>
		<weight>100</weight>
		<credibility>8</credibility>
		<drug1>Dexpanthenol</drug1>
		<adverseeffect1>Ulcer, Asthma</adverseeffect1>
		<drug2>Zovirax/Acyclovir</drug2>
		<adverseeffect2>Redness, Hypersensitivity</adverseeffect2>
		<drugusage>Dexpanthenol->Ulcer, Asthma ; Zovirax/Acyclovir->Redness, Hypersensitivity</drugusage>
	</record>
	<record>
		<username>Wyatt</username>
		<userid>118</userid>
		<age>52</age>
		<sex>male</sex>
		<height>154</height>
		<weight>83</weight>
		<credibility>1</credibility>
		<drug1>Ibuprofen</drug1>
		<adverseeffect1>Coma, Redness</adverseeffect1>
		<drug2>Voltaren/Diclofenac</drug2>
		<adverseeffect2>Anxiety, Hunger</adverseeffect2>
		<drugusage>Ibuprofen->Coma, Redness ; Voltaren/Diclofenac->Anxiety, Hunger</drugusage>
	</record>
	<record>
		<username>Noble</username>
		<userid>119</userid>
		<age>23</age>
		<sex>male</sex>
		<height>153</height>
		<weight>84</weight>
		<credibility>1</credibility>
		<drug1>Dexpanthenol</drug1>
		<adverseeffect1>Hypersensitivity, Dizziness</adverseeffect1>
		<drug2>Voltaren/Diclofenac</drug2>
		<adverseeffect2>Asthma, Depression</adverseeffect2>
		<drugusage>Dexpanthenol->Hypersensitivity, Dizziness ; Voltaren/Diclofenac->Asthma, Depression</drugusage>
	</record>
	<record>
		<username>Jermaine</username>
		<userid>120</userid>
		<age>54</age>
		<sex>male</sex>
		<height>160</height>
		<weight>116</weight>
		<credibility>4</credibility>
		<drug1>Aspirin</drug1>
		<adverseeffect1>Depression, Shock</adverseeffect1>
		<drug2>Panadol/Acetaminophen</drug2>
		<adverseeffect2>Ear_pain, Coma</adverseeffect2>
		<drugusage>Aspirin->Depression, Shock ; Panadol/Acetaminophen->Ear_pain, Coma</drugusage>
	</record>
	<record>
		<username>Grady</username>
		<userid>121</userid>
		<age>38</age>
		<sex>male</sex>
		<height>158</height>
		<weight>108</weight>
		<credibility>1</credibility>
		<drug1>EpiPen</drug1>
		<adverseeffect1>Headache, Diarrhoea</adverseeffect1>
		<drug2>Voltaren/Diclofenac</drug2>
		<adverseeffect2>Malaise, Redness</adverseeffect2>
		<drugusage>EpiPen->Headache, Diarrhoea ; Voltaren/Diclofenac->Malaise, Redness</drugusage>
	</record>
	<record>
		<username>Harding</username>
		<userid>122</userid>
		<age>50</age>
		<sex>male</sex>
		<height>151</height>
		<weight>57</weight>
		<credibility>5</credibility>
		<drug1>Diazepam</drug1>
		<adverseeffect1>Malaise, Hypersensitivity</adverseeffect1>
		<drug2>Panadol/Acetaminophen</drug2>
		<adverseeffect2>Shock, Headache</adverseeffect2>
		<drugusage>Diazepam->Malaise, Hypersensitivity ; Panadol/Acetaminophen->Shock, Headache</drugusage>
	</record>
	<record>
		<username>Lester</username>
		<userid>123</userid>
		<age>29</age>
		<sex>male</sex>
		<height>177</height>
		<weight>95</weight>
		<credibility>10</credibility>
		<drug1>EpiPen</drug1>
		<adverseeffect1>Shock, Tremor</adverseeffect1>
		<drug2>Ventolin/Salbutamol</drug2>
		<adverseeffect2>Vomiting, Chest_pain</adverseeffect2>
		<drugusage>EpiPen->Shock, Tremor ; Ventolin/Salbutamol->Vomiting, Chest_pain</drugusage>
	</record>
	<record>
		<username>Warren</username>
		<userid>124</userid>
		<age>51</age>
		<sex>male</sex>
		<height>178</height>
		<weight>91</weight>
		<credibility>3</credibility>
		<drug1>Dexpanthenol</drug1>
		<adverseeffect1>Anxiety, Migraine</adverseeffect1>
		<drug2>Zyrtec/Cetirizine</drug2>
		<adverseeffect2>Ulcer, Chest_pain</adverseeffect2>
		<drugusage>Dexpanthenol->Anxiety, Migraine ; Zyrtec/Cetirizine->Ulcer, Chest_pain</drugusage>
	</record>
	<record>
		<username>Acton</username>
		<userid>125</userid>
		<age>64</age>
		<sex>male</sex>
		<height>182</height>
		<weight>79</weight>
		<credibility>2</credibility>
		<drug1>Majezik</drug1>
		<adverseeffect1>Chest_pain, Hunger</adverseeffect1>
		<drug2>Xanax/Alprazolam</drug2>
		<adverseeffect2>Anxiety, Redness</adverseeffect2>
		<drugusage>Majezik->Chest_pain, Hunger ; Xanax/Alprazolam->Anxiety, Redness</drugusage>
	</record>
	<record>
		<username>Nero</username>
		<userid>126</userid>
		<age>70</age>
		<sex>male</sex>
		<height>181</height>
		<weight>116</weight>
		<credibility>9</credibility>
		<drug1>Dopamine</drug1>
		<adverseeffect1>Headache, Hunger</adverseeffect1>
		<drug2>Parol</drug2>
		<adverseeffect2>Coma, Chest_pain</adverseeffect2>
		<drugusage>Dopamine->Headache, Hunger ; Parol->Coma, Chest_pain</drugusage>
	</record>
	<record>
		<username>Kadeem</username>
		<userid>127</userid>
		<age>34</age>
		<sex>male</sex>
		<height>178</height>
		<weight>102</weight>
		<credibility>8</credibility>
		<drug1>Dexpanthenol</drug1>
		<adverseeffect1>Vomiting, Sweating</adverseeffect1>
		<drug2>Nitroglycerin</drug2>
		<adverseeffect2>Vertigo, Malaise</adverseeffect2>
		<drugusage>Dexpanthenol->Vomiting, Sweating ; Nitroglycerin->Vertigo, Malaise</drugusage>
	</record>
	<record>
		<username>Moses</username>
		<userid>128</userid>
		<age>47</age>
		<sex>male</sex>
		<height>163</height>
		<weight>74</weight>
		<credibility>8</credibility>
		<drug1>Diazepam</drug1>
		<adverseeffect1>Sweating, Vomiting</adverseeffect1>
		<drug2>Panadol/Acetaminophen</drug2>
		<adverseeffect2>Dizziness, Hypertension</adverseeffect2>
		<drugusage>Diazepam->Sweating, Vomiting ; Panadol/Acetaminophen->Dizziness, Hypertension</drugusage>
	</record>
	<record>
		<username>Stuart</username>
		<userid>129</userid>
		<age>60</age>
		<sex>male</sex>
		<height>173</height>
		<weight>69</weight>
		<credibility>7</credibility>
		<drug1>Diazepam</drug1>
		<adverseeffect1>Hypertension, Depression</adverseeffect1>
		<drug2>Sertralin</drug2>
		<adverseeffect2>Chest_pain, Anxiety</adverseeffect2>
		<drugusage>Diazepam->Hypertension, Depression ; Sertralin->Chest_pain, Anxiety</drugusage>
	</record>
	<record>
		<username>Dale</username>
		<userid>130</userid>
		<age>25</age>
		<sex>male</sex>
		<height>182</height>
		<weight>62</weight>
		<credibility>4</credibility>
		<drug1>Epinephrine</drug1>
		<adverseeffect1>Coma, Sweating</adverseeffect1>
		<drug2>Xanax/Alprazolam</drug2>
		<adverseeffect2>Depression, Hunger</adverseeffect2>
		<drugusage>Epinephrine->Coma, Sweating ; Xanax/Alprazolam->Depression, Hunger</drugusage>
	</record>
	<record>
		<username>Chester</username>
		<userid>131</userid>
		<age>43</age>
		<sex>male</sex>
		<height>171</height>
		<weight>61</weight>
		<credibility>7</credibility>
		<drug1>Baclofen</drug1>
		<adverseeffect1>Malaise, Ulcer</adverseeffect1>
		<drug2>Parol</drug2>
		<adverseeffect2>Migraine, Diarrhoea</adverseeffect2>
		<drugusage>Baclofen->Malaise, Ulcer ; Parol->Migraine, Diarrhoea</drugusage>
	</record>
	<record>
		<username>Kibo</username>
		<userid>132</userid>
		<age>34</age>
		<sex>male</sex>
		<height>157</height>
		<weight>77</weight>
		<credibility>1</credibility>
		<drug1>Aspirin</drug1>
		<adverseeffect1>Diabetic, Shock</adverseeffect1>
		<drug2>Parol</drug2>
		<adverseeffect2>Hypertension, Chest_pain</adverseeffect2>
		<drugusage>Aspirin->Diabetic, Shock ; Parol->Hypertension, Chest_pain</drugusage>
	</record>
	<record>
		<username>Erich</username>
		<userid>133</userid>
		<age>55</age>
		<sex>male</sex>
		<height>189</height>
		<weight>109</weight>
		<credibility>3</credibility>
		<drug1>Dopamine</drug1>
		<adverseeffect1>Shock, Vomiting</adverseeffect1>
		<drug2>Parol</drug2>
		<adverseeffect2>Diabetic, Tremor</adverseeffect2>
		<drugusage>Dopamine->Shock, Vomiting ; Parol->Diabetic, Tremor</drugusage>
	</record>
	<record>
		<username>Brock</username>
		<userid>134</userid>
		<age>59</age>
		<sex>male</sex>
		<height>155</height>
		<weight>78</weight>
		<credibility>1</credibility>
		<drug1>Ibuprofen</drug1>
		<adverseeffect1>Diabetic, Shock</adverseeffect1>
		<drug2>Xanax/Alprazolam</drug2>
		<adverseeffect2>Anxiety, Vertigo</adverseeffect2>
		<drugusage>Ibuprofen->Diabetic, Shock ; Xanax/Alprazolam->Anxiety, Vertigo</drugusage>
	</record>
	<record>
		<username>Emmanuel</username>
		<userid>135</userid>
		<age>43</age>
		<sex>male</sex>
		<height>155</height>
		<weight>66</weight>
		<credibility>1</credibility>
		<drug1>Ibuprofen</drug1>
		<adverseeffect1>Diarrhoea, Headache</adverseeffect1>
		<drug2>Voltaren/Diclofenac</drug2>
		<adverseeffect2>Ear_pain, Tremor</adverseeffect2>
		<drugusage>Ibuprofen->Diarrhoea, Headache ; Voltaren/Diclofenac->Ear_pain, Tremor</drugusage>
	</record>
	<record>
		<username>Clayton</username>
		<userid>136</userid>
		<age>35</age>
		<sex>male</sex>
		<height>178</height>
		<weight>75</weight>
		<credibility>3</credibility>
		<drug1>Ibuprofen</drug1>
		<adverseeffect1>Coma, Vertigo</adverseeffect1>
		<drug2>Zyrtec/Cetirizine</drug2>
		<adverseeffect2>Ulcer, Dizziness</adverseeffect2>
		<drugusage>Ibuprofen->Coma, Vertigo ; Zyrtec/Cetirizine->Ulcer, Dizziness</drugusage>
	</record>
	<record>
		<username>Moses</username>
		<userid>137</userid>
		<age>69</age>
		<sex>male</sex>
		<height>184</height>
		<weight>90</weight>
		<credibility>2</credibility>
		<drug1>Majezik</drug1>
		<adverseeffect1>Diabetic, Ear_pain</adverseeffect1>
		<drug2>Vasopressin</drug2>
		<adverseeffect2>Ear_pain, Dizziness</adverseeffect2>
		<drugusage>Majezik->Diabetic, Ear_pain ; Vasopressin->Ear_pain, Dizziness</drugusage>
	</record>
	<record>
		<username>Kadeem</username>
		<userid>138</userid>
		<age>30</age>
		<sex>male</sex>
		<height>186</height>
		<weight>84</weight>
		<credibility>6</credibility>
		<drug1>Epinephrine</drug1>
		<adverseeffect1>Shock, Ear_pain</adverseeffect1>
		<drug2>Sertralin</drug2>
		<adverseeffect2>Migraine, Hunger</adverseeffect2>
		<drugusage>Epinephrine->Shock, Ear_pain ; Sertralin->Migraine, Hunger</drugusage>
	</record>
	<record>
		<username>Oren</username>
		<userid>139</userid>
		<age>35</age>
		<sex>male</sex>
		<height>150</height>
		<weight>57</weight>
		<credibility>10</credibility>
		<drug1>Diazepam</drug1>
		<adverseeffect1>Shock, Depression</adverseeffect1>
		<drug2>Vasopressin</drug2>
		<adverseeffect2>Vomiting, Shock</adverseeffect2>
		<drugusage>Diazepam->Shock, Depression ; Vasopressin->Vomiting, Shock</drugusage>
	</record>
	<record>
		<username>Nathan</username>
		<userid>140</userid>
		<age>25</age>
		<sex>male</sex>
		<height>168</height>
		<weight>108</weight>
		<credibility>5</credibility>
		<drug1>Insulin</drug1>
		<adverseeffect1>Ear_pain, Malaise</adverseeffect1>
		<drug2>Panadol/Acetaminophen</drug2>
		<adverseeffect2>Shock, Hypersensitivity</adverseeffect2>
		<drugusage>Insulin->Ear_pain, Malaise ; Panadol/Acetaminophen->Shock, Hypersensitivity</drugusage>
	</record>
	<record>
		<username>Flynn</username>
		<userid>141</userid>
		<age>42</age>
		<sex>male</sex>
		<height>179</height>
		<weight>101</weight>
		<credibility>10</credibility>
		<drug1>Insulin</drug1>
		<adverseeffect1>Hunger, Shock</adverseeffect1>
		<drug2>Ventolin/Salbutamol</drug2>
		<adverseeffect2>Ulcer, Redness</adverseeffect2>
		<drugusage>Insulin->Hunger, Shock ; Ventolin/Salbutamol->Ulcer, Redness</drugusage>
	</record>
	<record>
		<username>Cade</username>
		<userid>142</userid>
		<age>56</age>
		<sex>male</sex>
		<height>176</height>
		<weight>72</weight>
		<credibility>1</credibility>
		<drug1>Ibuprofen</drug1>
		<adverseeffect1>Coma, Hypersensitivity</adverseeffect1>
		<drug2>Panadol/Acetaminophen</drug2>
		<adverseeffect2>Headache, Vertigo</adverseeffect2>
		<drugusage>Ibuprofen->Coma, Hypersensitivity ; Panadol/Acetaminophen->Headache, Vertigo</drugusage>
	</record>
	<record>
		<username>Aaron</username>
		<userid>143</userid>
		<age>33</age>
		<sex>male</sex>
		<height>162</height>
		<weight>107</weight>
		<credibility>10</credibility>
		<drug1>Baclofen</drug1>
		<adverseeffect1>Chest_pain, Dizziness</adverseeffect1>
		<drug2>Panadol/Acetaminophen</drug2>
		<adverseeffect2>Tremor, Hypertension</adverseeffect2>
		<drugusage>Baclofen->Chest_pain, Dizziness ; Panadol/Acetaminophen->Tremor, Hypertension</drugusage>
	</record>
	<record>
		<username>Jelani</username>
		<userid>144</userid>
		<age>44</age>
		<sex>male</sex>
		<height>163</height>
		<weight>72</weight>
		<credibility>9</credibility>
		<drug1>Dexpanthenol</drug1>
		<adverseeffect1>Malaise, Tremor</adverseeffect1>
		<drug2>Xanax/Alprazolam</drug2>
		<adverseeffect2>Vomiting, Chest_pain</adverseeffect2>
		<drugusage>Dexpanthenol->Malaise, Tremor ; Xanax/Alprazolam->Vomiting, Chest_pain</drugusage>
	</record>
	<record>
		<username>Neville</username>
		<userid>145</userid>
		<age>62</age>
		<sex>male</sex>
		<height>156</height>
		<weight>58</weight>
		<credibility>7</credibility>
		<drug1>Majezik</drug1>
		<adverseeffect1>Asthma, Headache</adverseeffect1>
		<drug2>Panadol/Acetaminophen</drug2>
		<adverseeffect2>Headache, Redness</adverseeffect2>
		<drugusage>Majezik->Asthma, Headache ; Panadol/Acetaminophen->Headache, Redness</drugusage>
	</record>
	<record>
		<username>Aquila</username>
		<userid>146</userid>
		<age>23</age>
		<sex>male</sex>
		<height>197</height>
		<weight>102</weight>
		<credibility>8</credibility>
		<drug1>Majezik</drug1>
		<adverseeffect1>Diabetic, Anxiety</adverseeffect1>
		<drug2>Vasopressin</drug2>
		<adverseeffect2>Hunger, Ear_pain</adverseeffect2>
		<drugusage>Majezik->Diabetic, Anxiety ; Vasopressin->Hunger, Ear_pain</drugusage>
	</record>
	<record>
		<username>Bernard</username>
		<userid>147</userid>
		<age>57</age>
		<sex>male</sex>
		<height>185</height>
		<weight>65</weight>
		<credibility>10</credibility>
		<drug1>Diazepam</drug1>
		<adverseeffect1>Sweating, Redness</adverseeffect1>
		<drug2>Nitroglycerin</drug2>
		<adverseeffect2>Redness, Ulcer</adverseeffect2>
		<drugusage>Diazepam->Sweating, Redness ; Nitroglycerin->Redness, Ulcer</drugusage>
	</record>
	<record>
		<username>Evan</username>
		<userid>148</userid>
		<age>53</age>
		<sex>male</sex>
		<height>162</height>
		<weight>75</weight>
		<credibility>5</credibility>
		<drug1>Diazepam</drug1>
		<adverseeffect1>Ear_pain, Diabetic</adverseeffect1>
		<drug2>Ventolin/Salbutamol</drug2>
		<adverseeffect2>Vertigo, Migraine</adverseeffect2>
		<drugusage>Diazepam->Ear_pain, Diabetic ; Ventolin/Salbutamol->Vertigo, Migraine</drugusage>
	</record>
	<record>
		<username>Gray</username>
		<userid>149</userid>
		<age>30</age>
		<sex>male</sex>
		<height>184</height>
		<weight>96</weight>
		<credibility>3</credibility>
		<drug1>EpiPen</drug1>
		<adverseeffect1>Asthma, Anxiety</adverseeffect1>
		<drug2>Xanax/Alprazolam</drug2>
		<adverseeffect2>Dizziness, Headache</adverseeffect2>
		<drugusage>EpiPen->Asthma, Anxiety ; Xanax/Alprazolam->Dizziness, Headache</drugusage>
	</record>
	<record>
		<username>Duncan</username>
		<userid>150</userid>
		<age>48</age>
		<sex>male</sex>
		<height>171</height>
		<weight>96</weight>
		<credibility>3</credibility>
		<drug1>Insulin</drug1>
		<adverseeffect1>Migraine, Diabetic</adverseeffect1>
		<drug2>Panadol/Acetaminophen</drug2>
		<adverseeffect2>Ear_pain, Coma</adverseeffect2>
		<drugusage>Insulin->Migraine, Diabetic ; Panadol/Acetaminophen->Ear_pain, Coma</drugusage>
	</record>
	<record>
		<username>Xanthus</username>
		<userid>151</userid>
		<age>70</age>
		<sex>male</sex>
		<height>154</height>
		<weight>106</weight>
		<credibility>2</credibility>
		<drug1>EpiPen</drug1>
		<adverseeffect1>Vomiting, Tremor</adverseeffect1>
		<drug2>Xanax/Alprazolam</drug2>
		<adverseeffect2>Hypertension, Hunger</adverseeffect2>
		<drugusage>EpiPen->Vomiting, Tremor ; Xanax/Alprazolam->Hypertension, Hunger</drugusage>
	</record>
	<record>
		<username>Zahir</username>
		<userid>152</userid>
		<age>29</age>
		<sex>male</sex>
		<height>158</height>
		<weight>92</weight>
		<credibility>1</credibility>
		<drug1>Aspirin</drug1>
		<adverseeffect1>Dizziness, Anxiety</adverseeffect1>
		<drug2>Zovirax/Acyclovir</drug2>
		<adverseeffect2>Hypersensitivity, Asthma</adverseeffect2>
		<drugusage>Aspirin->Dizziness, Anxiety ; Zovirax/Acyclovir->Hypersensitivity, Asthma</drugusage>
	</record>
	<record>
		<username>Drake</username>
		<userid>153</userid>
		<age>49</age>
		<sex>male</sex>
		<height>187</height>
		<weight>99</weight>
		<credibility>5</credibility>
		<drug1>Dopamine</drug1>
		<adverseeffect1>Shock, Hunger</adverseeffect1>
		<drug2>Nitroglycerin</drug2>
		<adverseeffect2>Dizziness, Ear_pain</adverseeffect2>
		<drugusage>Dopamine->Shock, Hunger ; Nitroglycerin->Dizziness, Ear_pain</drugusage>
	</record>
	<record>
		<username>Mason</username>
		<userid>154</userid>
		<age>41</age>
		<sex>male</sex>
		<height>153</height>
		<weight>71</weight>
		<credibility>4</credibility>
		<drug1>Dopamine</drug1>
		<adverseeffect1>Redness, Migraine</adverseeffect1>
		<drug2>Ventolin/Salbutamol</drug2>
		<adverseeffect2>Hunger, Redness</adverseeffect2>
		<drugusage>Dopamine->Redness, Migraine ; Ventolin/Salbutamol->Hunger, Redness</drugusage>
	</record>
	<record>
		<username>Alan</username>
		<userid>155</userid>
		<age>55</age>
		<sex>male</sex>
		<height>156</height>
		<weight>87</weight>
		<credibility>7</credibility>
		<drug1>Insulin</drug1>
		<adverseeffect1>Diarrhoea, Redness</adverseeffect1>
		<drug2>Vasopressin</drug2>
		<adverseeffect2>Malaise, Shock</adverseeffect2>
		<drugusage>Insulin->Diarrhoea, Redness ; Vasopressin->Malaise, Shock</drugusage>
	</record>
	<record>
		<username>Kasimir</username>
		<userid>156</userid>
		<age>53</age>
		<sex>male</sex>
		<height>167</height>
		<weight>87</weight>
		<credibility>2</credibility>
		<drug1>Baclofen</drug1>
		<adverseeffect1>Asthma, Hypersensitivity</adverseeffect1>
		<drug2>Ventolin/Salbutamol</drug2>
		<adverseeffect2>Dizziness, Ear_pain</adverseeffect2>
		<drugusage>Baclofen->Asthma, Hypersensitivity ; Ventolin/Salbutamol->Dizziness, Ear_pain</drugusage>
	</record>
	<record>
		<username>Jerome</username>
		<userid>157</userid>
		<age>36</age>
		<sex>male</sex>
		<height>183</height>
		<weight>58</weight>
		<credibility>6</credibility>
		<drug1>Ibuprofen</drug1>
		<adverseeffect1>Hypertension, Vertigo</adverseeffect1>
		<drug2>Ventolin/Salbutamol</drug2>
		<adverseeffect2>Ulcer, Hunger</adverseeffect2>
		<drugusage>Ibuprofen->Hypertension, Vertigo ; Ventolin/Salbutamol->Ulcer, Hunger</drugusage>
	</record>
	<record>
		<username>Elton</username>
		<userid>158</userid>
		<age>35</age>
		<sex>male</sex>
		<height>178</height>
		<weight>92</weight>
		<credibility>9</credibility>
		<drug1>Dexpanthenol</drug1>
		<adverseeffect1>Sweating, Asthma</adverseeffect1>
		<drug2>Panadol/Acetaminophen</drug2>
		<adverseeffect2>Asthma, Anxiety</adverseeffect2>
		<drugusage>Dexpanthenol->Sweating, Asthma ; Panadol/Acetaminophen->Asthma, Anxiety</drugusage>
	</record>
	<record>
		<username>Eric</username>
		<userid>159</userid>
		<age>27</age>
		<sex>male</sex>
		<height>197</height>
		<weight>85</weight>
		<credibility>5</credibility>
		<drug1>Aspirin</drug1>
		<adverseeffect1>Dizziness, Diarrhoea</adverseeffect1>
		<drug2>Zyrtec/Cetirizine</drug2>
		<adverseeffect2>Migraine, Hypersensitivity</adverseeffect2>
		<drugusage>Aspirin->Dizziness, Diarrhoea ; Zyrtec/Cetirizine->Migraine, Hypersensitivity</drugusage>
	</record>
	<record>
		<username>Griffin</username>
		<userid>160</userid>
		<age>54</age>
		<sex>male</sex>
		<height>170</height>
		<weight>99</weight>
		<credibility>7</credibility>
		<drug1>Ibuprofen</drug1>
		<adverseeffect1>Ear_pain, Anxiety</adverseeffect1>
		<drug2>Xanax/Alprazolam</drug2>
		<adverseeffect2>Hypertension, Ear_pain</adverseeffect2>
		<drugusage>Ibuprofen->Ear_pain, Anxiety ; Xanax/Alprazolam->Hypertension, Ear_pain</drugusage>
	</record>
	<record>
		<username>Gavin</username>
		<userid>161</userid>
		<age>29</age>
		<sex>male</sex>
		<height>181</height>
		<weight>79</weight>
		<credibility>7</credibility>
		<drug1>Dexpanthenol</drug1>
		<adverseeffect1>Hypersensitivity, Anxiety</adverseeffect1>
		<drug2>Xanax/Alprazolam</drug2>
		<adverseeffect2>Tremor, Asthma</adverseeffect2>
		<drugusage>Dexpanthenol->Hypersensitivity, Anxiety ; Xanax/Alprazolam->Tremor, Asthma</drugusage>
	</record>
	<record>
		<username>Ishmael</username>
		<userid>162</userid>
		<age>44</age>
		<sex>male</sex>
		<height>157</height>
		<weight>57</weight>
		<credibility>2</credibility>
		<drug1>Diazepam</drug1>
		<adverseeffect1>Malaise, Ear_pain</adverseeffect1>
		<drug2>Voltaren/Diclofenac</drug2>
		<adverseeffect2>Headache, Tremor</adverseeffect2>
		<drugusage>Diazepam->Malaise, Ear_pain ; Voltaren/Diclofenac->Headache, Tremor</drugusage>
	</record>
	<record>
		<username>Hu</username>
		<userid>163</userid>
		<age>57</age>
		<sex>male</sex>
		<height>157</height>
		<weight>89</weight>
		<credibility>7</credibility>
		<drug1>Aspirin</drug1>
		<adverseeffect1>Ulcer, Dizziness</adverseeffect1>
		<drug2>Xanax/Alprazolam</drug2>
		<adverseeffect2>Migraine, Sweating</adverseeffect2>
		<drugusage>Aspirin->Ulcer, Dizziness ; Xanax/Alprazolam->Migraine, Sweating</drugusage>
	</record>
	<record>
		<username>Grant</username>
		<userid>164</userid>
		<age>20</age>
		<sex>male</sex>
		<height>191</height>
		<weight>74</weight>
		<credibility>10</credibility>
		<drug1>Diazepam</drug1>
		<adverseeffect1>Migraine, Hypersensitivity</adverseeffect1>
		<drug2>Voltaren/Diclofenac</drug2>
		<adverseeffect2>Hypersensitivity, Coma</adverseeffect2>
		<drugusage>Diazepam->Migraine, Hypersensitivity ; Voltaren/Diclofenac->Hypersensitivity, Coma</drugusage>
	</record>
	<record>
		<username>Holmes</username>
		<userid>165</userid>
		<age>18</age>
		<sex>male</sex>
		<height>182</height>
		<weight>55</weight>
		<credibility>6</credibility>
		<drug1>Epinephrine</drug1>
		<adverseeffect1>Depression, Migraine</adverseeffect1>
		<drug2>Nitroglycerin</drug2>
		<adverseeffect2>Shock, Dizziness</adverseeffect2>
		<drugusage>Epinephrine->Depression, Migraine ; Nitroglycerin->Shock, Dizziness</drugusage>
	</record>
	<record>
		<username>Ethan</username>
		<userid>166</userid>
		<age>25</age>
		<sex>male</sex>
		<height>156</height>
		<weight>115</weight>
		<credibility>1</credibility>
		<drug1>Dopamine</drug1>
		<adverseeffect1>Migraine, Hypertension</adverseeffect1>
		<drug2>Zovirax/Acyclovir</drug2>
		<adverseeffect2>Tremor, Ear_pain</adverseeffect2>
		<drugusage>Dopamine->Migraine, Hypertension ; Zovirax/Acyclovir->Tremor, Ear_pain</drugusage>
	</record>
	<record>
		<username>Hyatt</username>
		<userid>167</userid>
		<age>22</age>
		<sex>male</sex>
		<height>168</height>
		<weight>69</weight>
		<credibility>10</credibility>
		<drug1>Majezik</drug1>
		<adverseeffect1>Chest_pain, Migraine</adverseeffect1>
		<drug2>Nitroglycerin</drug2>
		<adverseeffect2>Dizziness, Chest_pain</adverseeffect2>
		<drugusage>Majezik->Chest_pain, Migraine ; Nitroglycerin->Dizziness, Chest_pain</drugusage>
	</record>
	<record>
		<username>Mohammad</username>
		<userid>168</userid>
		<age>31</age>
		<sex>male</sex>
		<height>167</height>
		<weight>107</weight>
		<credibility>2</credibility>
		<drug1>Dopamine</drug1>
		<adverseeffect1>Sweating, Anxiety</adverseeffect1>
		<drug2>Nitroglycerin</drug2>
		<adverseeffect2>Malaise, Redness</adverseeffect2>
		<drugusage>Dopamine->Sweating, Anxiety ; Nitroglycerin->Malaise, Redness</drugusage>
	</record>
	<record>
		<username>Berk</username>
		<userid>169</userid>
		<age>69</age>
		<sex>male</sex>
		<height>156</height>
		<weight>118</weight>
		<credibility>3</credibility>
		<drug1>Diazepam</drug1>
		<adverseeffect1>Vertigo, Hypersensitivity</adverseeffect1>
		<drug2>Zovirax/Acyclovir</drug2>
		<adverseeffect2>Headache, Malaise</adverseeffect2>
		<drugusage>Diazepam->Vertigo, Hypersensitivity ; Zovirax/Acyclovir->Headache, Malaise</drugusage>
	</record>
	<record>
		<username>Grant</username>
		<userid>170</userid>
		<age>52</age>
		<sex>male</sex>
		<height>190</height>
		<weight>63</weight>
		<credibility>6</credibility>
		<drug1>Dopamine</drug1>
		<adverseeffect1>Tremor, Dizziness</adverseeffect1>
		<drug2>Parol</drug2>
		<adverseeffect2>Vertigo, Hypertension</adverseeffect2>
		<drugusage>Dopamine->Tremor, Dizziness ; Parol->Vertigo, Hypertension</drugusage>
	</record>
	<record>
		<username>Orson</username>
		<userid>171</userid>
		<age>44</age>
		<sex>male</sex>
		<height>194</height>
		<weight>94</weight>
		<credibility>7</credibility>
		<drug1>Diazepam</drug1>
		<adverseeffect1>Shock, Diarrhoea</adverseeffect1>
		<drug2>Voltaren/Diclofenac</drug2>
		<adverseeffect2>Anxiety, Ear_pain</adverseeffect2>
		<drugusage>Diazepam->Shock, Diarrhoea ; Voltaren/Diclofenac->Anxiety, Ear_pain</drugusage>
	</record>
	<record>
		<username>Philip</username>
		<userid>172</userid>
		<age>24</age>
		<sex>male</sex>
		<height>166</height>
		<weight>95</weight>
		<credibility>3</credibility>
		<drug1>Ibuprofen</drug1>
		<adverseeffect1>Depression, Dizziness</adverseeffect1>
		<drug2>Zyrtec/Cetirizine</drug2>
		<adverseeffect2>Asthma, Hypersensitivity</adverseeffect2>
		<drugusage>Ibuprofen->Depression, Dizziness ; Zyrtec/Cetirizine->Asthma, Hypersensitivity</drugusage>
	</record>
	<record>
		<username>Harrison</username>
		<userid>173</userid>
		<age>52</age>
		<sex>male</sex>
		<height>153</height>
		<weight>113</weight>
		<credibility>6</credibility>
		<drug1>Aspirin</drug1>
		<adverseeffect1>Chest_pain, Redness</adverseeffect1>
		<drug2>Panadol/Acetaminophen</drug2>
		<adverseeffect2>Asthma, Hypertension</adverseeffect2>
		<drugusage>Aspirin->Chest_pain, Redness ; Panadol/Acetaminophen->Asthma, Hypertension</drugusage>
	</record>
	<record>
		<username>Stephen</username>
		<userid>174</userid>
		<age>59</age>
		<sex>male</sex>
		<height>164</height>
		<weight>98</weight>
		<credibility>6</credibility>
		<drug1>Diazepam</drug1>
		<adverseeffect1>Redness, Sweating</adverseeffect1>
		<drug2>Zovirax/Acyclovir</drug2>
		<adverseeffect2>Chest_pain, Redness</adverseeffect2>
		<drugusage>Diazepam->Redness, Sweating ; Zovirax/Acyclovir->Chest_pain, Redness</drugusage>
	</record>
	<record>
		<username>Holmes</username>
		<userid>175</userid>
		<age>37</age>
		<sex>male</sex>
		<height>162</height>
		<weight>57</weight>
		<credibility>7</credibility>
		<drug1>Aspirin</drug1>
		<adverseeffect1>Chest_pain, Anxiety</adverseeffect1>
		<drug2>Nitroglycerin</drug2>
		<adverseeffect2>Coma, Vomiting</adverseeffect2>
		<drugusage>Aspirin->Chest_pain, Anxiety ; Nitroglycerin->Coma, Vomiting</drugusage>
	</record>
	<record>
		<username>Mufutau</username>
		<userid>176</userid>
		<age>23</age>
		<sex>male</sex>
		<height>177</height>
		<weight>74</weight>
		<credibility>7</credibility>
		<drug1>Dexpanthenol</drug1>
		<adverseeffect1>Depression, Dizziness</adverseeffect1>
		<drug2>Panadol/Acetaminophen</drug2>
		<adverseeffect2>Hypersensitivity, Shock</adverseeffect2>
		<drugusage>Dexpanthenol->Depression, Dizziness ; Panadol/Acetaminophen->Hypersensitivity, Shock</drugusage>
	</record>
	<record>
		<username>Isaiah</username>
		<userid>177</userid>
		<age>24</age>
		<sex>male</sex>
		<height>192</height>
		<weight>95</weight>
		<credibility>4</credibility>
		<drug1>EpiPen</drug1>
		<adverseeffect1>Headache, Diabetic</adverseeffect1>
		<drug2>Voltaren/Diclofenac</drug2>
		<adverseeffect2>Shock, Dizziness</adverseeffect2>
		<drugusage>EpiPen->Headache, Diabetic ; Voltaren/Diclofenac->Shock, Dizziness</drugusage>
	</record>
	<record>
		<username>Colton</username>
		<userid>178</userid>
		<age>58</age>
		<sex>male</sex>
		<height>155</height>
		<weight>83</weight>
		<credibility>1</credibility>
		<drug1>Dopamine</drug1>
		<adverseeffect1>Ulcer, Vomiting</adverseeffect1>
		<drug2>Ventolin/Salbutamol</drug2>
		<adverseeffect2>Asthma, Vomiting</adverseeffect2>
		<drugusage>Dopamine->Ulcer, Vomiting ; Ventolin/Salbutamol->Asthma, Vomiting</drugusage>
	</record>
	<record>
		<username>Chaim</username>
		<userid>179</userid>
		<age>29</age>
		<sex>male</sex>
		<height>199</height>
		<weight>71</weight>
		<credibility>8</credibility>
		<drug1>Diazepam</drug1>
		<adverseeffect1>Hypersensitivity, Diabetic</adverseeffect1>
		<drug2>Ventolin/Salbutamol</drug2>
		<adverseeffect2>Chest_pain, Hypersensitivity</adverseeffect2>
		<drugusage>Diazepam->Hypersensitivity, Diabetic ; Ventolin/Salbutamol->Chest_pain, Hypersensitivity</drugusage>
	</record>
	<record>
		<username>Rahim</username>
		<userid>180</userid>
		<age>46</age>
		<sex>male</sex>
		<height>169</height>
		<weight>74</weight>
		<credibility>2</credibility>
		<drug1>Ibuprofen</drug1>
		<adverseeffect1>Ulcer, Hypersensitivity</adverseeffect1>
		<drug2>Panadol/Acetaminophen</drug2>
		<adverseeffect2>Anxiety, Depression</adverseeffect2>
		<drugusage>Ibuprofen->Ulcer, Hypersensitivity ; Panadol/Acetaminophen->Anxiety, Depression</drugusage>
	</record>
	<record>
		<username>Evan</username>
		<userid>181</userid>
		<age>19</age>
		<sex>male</sex>
		<height>153</height>
		<weight>70</weight>
		<credibility>5</credibility>
		<drug1>Dopamine</drug1>
		<adverseeffect1>Hunger, Vertigo</adverseeffect1>
		<drug2>Ventolin/Salbutamol</drug2>
		<adverseeffect2>Chest_pain, Migraine</adverseeffect2>
		<drugusage>Dopamine->Hunger, Vertigo ; Ventolin/Salbutamol->Chest_pain, Migraine</drugusage>
	</record>
	<record>
		<username>Leo</username>
		<userid>182</userid>
		<age>49</age>
		<sex>male</sex>
		<height>156</height>
		<weight>116</weight>
		<credibility>7</credibility>
		<drug1>Baclofen</drug1>
		<adverseeffect1>Headache, Anxiety</adverseeffect1>
		<drug2>Xanax/Alprazolam</drug2>
		<adverseeffect2>Hypertension, Depression</adverseeffect2>
		<drugusage>Baclofen->Headache, Anxiety ; Xanax/Alprazolam->Hypertension, Depression</drugusage>
	</record>
	<record>
		<username>Darius</username>
		<userid>183</userid>
		<age>60</age>
		<sex>male</sex>
		<height>189</height>
		<weight>88</weight>
		<credibility>4</credibility>
		<drug1>Aspirin</drug1>
		<adverseeffect1>Ulcer, Ear_pain</adverseeffect1>
		<drug2>Parol</drug2>
		<adverseeffect2>Coma, Migraine</adverseeffect2>
		<drugusage>Aspirin->Ulcer, Ear_pain ; Parol->Coma, Migraine</drugusage>
	</record>
	<record>
		<username>Guy</username>
		<userid>184</userid>
		<age>39</age>
		<sex>male</sex>
		<height>183</height>
		<weight>95</weight>
		<credibility>5</credibility>
		<drug1>Insulin</drug1>
		<adverseeffect1>Headache, Ulcer</adverseeffect1>
		<drug2>Zyrtec/Cetirizine</drug2>
		<adverseeffect2>Shock, Malaise</adverseeffect2>
		<drugusage>Insulin->Headache, Ulcer ; Zyrtec/Cetirizine->Shock, Malaise</drugusage>
	</record>
	<record>
		<username>Aquila</username>
		<userid>185</userid>
		<age>56</age>
		<sex>male</sex>
		<height>190</height>
		<weight>117</weight>
		<credibility>10</credibility>
		<drug1>Ibuprofen</drug1>
		<adverseeffect1>Malaise, Chest_pain</adverseeffect1>
		<drug2>Parol</drug2>
		<adverseeffect2>Dizziness, Hunger</adverseeffect2>
		<drugusage>Ibuprofen->Malaise, Chest_pain ; Parol->Dizziness, Hunger</drugusage>
	</record>
	<record>
		<username>Adrian</username>
		<userid>186</userid>
		<age>34</age>
		<sex>male</sex>
		<height>160</height>
		<weight>90</weight>
		<credibility>10</credibility>
		<drug1>Epinephrine</drug1>
		<adverseeffect1>Migraine, Shock</adverseeffect1>
		<drug2>Zyrtec/Cetirizine</drug2>
		<adverseeffect2>Depression, Chest_pain</adverseeffect2>
		<drugusage>Epinephrine->Migraine, Shock ; Zyrtec/Cetirizine->Depression, Chest_pain</drugusage>
	</record>
	<record>
		<username>Adrian</username>
		<userid>187</userid>
		<age>35</age>
		<sex>male</sex>
		<height>153</height>
		<weight>104</weight>
		<credibility>9</credibility>
		<drug1>Diazepam</drug1>
		<adverseeffect1>Migraine, Asthma</adverseeffect1>
		<drug2>Sertralin</drug2>
		<adverseeffect2>Anxiety, Shock</adverseeffect2>
		<drugusage>Diazepam->Migraine, Asthma ; Sertralin->Anxiety, Shock</drugusage>
	</record>
	<record>
		<username>Harrison</username>
		<userid>188</userid>
		<age>67</age>
		<sex>male</sex>
		<height>197</height>
		<weight>80</weight>
		<credibility>8</credibility>
		<drug1>EpiPen</drug1>
		<adverseeffect1>Hypersensitivity, Redness</adverseeffect1>
		<drug2>Zovirax/Acyclovir</drug2>
		<adverseeffect2>Migraine, Depression</adverseeffect2>
		<drugusage>EpiPen->Hypersensitivity, Redness ; Zovirax/Acyclovir->Migraine, Depression</drugusage>
	</record>
	<record>
		<username>Seth</username>
		<userid>189</userid>
		<age>62</age>
		<sex>male</sex>
		<height>176</height>
		<weight>62</weight>
		<credibility>10</credibility>
		<drug1>Ibuprofen</drug1>
		<adverseeffect1>Ear_pain, Migraine</adverseeffect1>
		<drug2>Parol</drug2>
		<adverseeffect2>Shock, Coma</adverseeffect2>
		<drugusage>Ibuprofen->Ear_pain, Migraine ; Parol->Shock, Coma</drugusage>
	</record>
	<record>
		<username>Leroy</username>
		<userid>190</userid>
		<age>32</age>
		<sex>male</sex>
		<height>184</height>
		<weight>77</weight>
		<credibility>3</credibility>
		<drug1>EpiPen</drug1>
		<adverseeffect1>Depression, Headache</adverseeffect1>
		<drug2>Zovirax/Acyclovir</drug2>
		<adverseeffect2>Ulcer, Hypersensitivity</adverseeffect2>
		<drugusage>EpiPen->Depression, Headache ; Zovirax/Acyclovir->Ulcer, Hypersensitivity</drugusage>
	</record>
	<record>
		<username>Herrod</username>
		<userid>191</userid>
		<age>39</age>
		<sex>male</sex>
		<height>155</height>
		<weight>61</weight>
		<credibility>1</credibility>
		<drug1>Ibuprofen</drug1>
		<adverseeffect1>Tremor, Vomiting</adverseeffect1>
		<drug2>Voltaren/Diclofenac</drug2>
		<adverseeffect2>Dizziness, Tremor</adverseeffect2>
		<drugusage>Ibuprofen->Tremor, Vomiting ; Voltaren/Diclofenac->Dizziness, Tremor</drugusage>
	</record>
	<record>
		<username>Channing</username>
		<userid>192</userid>
		<age>47</age>
		<sex>male</sex>
		<height>163</height>
		<weight>74</weight>
		<credibility>7</credibility>
		<drug1>Epinephrine</drug1>
		<adverseeffect1>Asthma, Diabetic</adverseeffect1>
		<drug2>Sertralin</drug2>
		<adverseeffect2>Anxiety, Sweating</adverseeffect2>
		<drugusage>Epinephrine->Asthma, Diabetic ; Sertralin->Anxiety, Sweating</drugusage>
	</record>
	<record>
		<username>Walker</username>
		<userid>193</userid>
		<age>57</age>
		<sex>male</sex>
		<height>191</height>
		<weight>107</weight>
		<credibility>9</credibility>
		<drug1>EpiPen</drug1>
		<adverseeffect1>Ulcer, Sweating</adverseeffect1>
		<drug2>Zyrtec/Cetirizine</drug2>
		<adverseeffect2>Ulcer, Shock</adverseeffect2>
		<drugusage>EpiPen->Ulcer, Sweating ; Zyrtec/Cetirizine->Ulcer, Shock</drugusage>
	</record>
	<record>
		<username>Ethan</username>
		<userid>194</userid>
		<age>53</age>
		<sex>male</sex>
		<height>163</height>
		<weight>67</weight>
		<credibility>3</credibility>
		<drug1>Insulin</drug1>
		<adverseeffect1>Ulcer, Asthma</adverseeffect1>
		<drug2>Sertralin</drug2>
		<adverseeffect2>Ulcer, Headache</adverseeffect2>
		<drugusage>Insulin->Ulcer, Asthma ; Sertralin->Ulcer, Headache</drugusage>
	</record>
	<record>
		<username>Ralph</username>
		<userid>195</userid>
		<age>50</age>
		<sex>male</sex>
		<height>163</height>
		<weight>112</weight>
		<credibility>1</credibility>
		<drug1>Baclofen</drug1>
		<adverseeffect1>Asthma, Ear_pain</adverseeffect1>
		<drug2>Vasopressin</drug2>
		<adverseeffect2>Diabetic, Sweating</adverseeffect2>
		<drugusage>Baclofen->Asthma, Ear_pain ; Vasopressin->Diabetic, Sweating</drugusage>
	</record>
	<record>
		<username>Wallace</username>
		<userid>196</userid>
		<age>53</age>
		<sex>male</sex>
		<height>188</height>
		<weight>105</weight>
		<credibility>3</credibility>
		<drug1>Aspirin</drug1>
		<adverseeffect1>Tremor, Sweating</adverseeffect1>
		<drug2>Panadol/Acetaminophen</drug2>
		<adverseeffect2>Hunger, Vomiting</adverseeffect2>
		<drugusage>Aspirin->Tremor, Sweating ; Panadol/Acetaminophen->Hunger, Vomiting</drugusage>
	</record>
	<record>
		<username>Evan</username>
		<userid>197</userid>
		<age>66</age>
		<sex>male</sex>
		<height>185</height>
		<weight>111</weight>
		<credibility>10</credibility>
		<drug1>Insulin</drug1>
		<adverseeffect1>Diarrhoea, Headache</adverseeffect1>
		<drug2>Sertralin</drug2>
		<adverseeffect2>Hypersensitivity, Vertigo</adverseeffect2>
		<drugusage>Insulin->Diarrhoea, Headache ; Sertralin->Hypersensitivity, Vertigo</drugusage>
	</record>
	<record>
		<username>Aristotle</username>
		<userid>198</userid>
		<age>54</age>
		<sex>male</sex>
		<height>153</height>
		<weight>84</weight>
		<credibility>6</credibility>
		<drug1>Diazepam</drug1>
		<adverseeffect1>Hunger, Shock</adverseeffect1>
		<drug2>Zyrtec/Cetirizine</drug2>
		<adverseeffect2>Diabetic, Vomiting</adverseeffect2>
		<drugusage>Diazepam->Hunger, Shock ; Zyrtec/Cetirizine->Diabetic, Vomiting</drugusage>
	</record>
	<record>
		<username>Clark</username>
		<userid>199</userid>
		<age>35</age>
		<sex>male</sex>
		<height>165</height>
		<weight>77</weight>
		<credibility>3</credibility>
		<drug1>Dopamine</drug1>
		<adverseeffect1>Diarrhoea, Anxiety</adverseeffect1>
		<drug2>Xanax/Alprazolam</drug2>
		<adverseeffect2>Hypersensitivity, Malaise</adverseeffect2>
		<drugusage>Dopamine->Diarrhoea, Anxiety ; Xanax/Alprazolam->Hypersensitivity, Malaise</drugusage>
	</record>
	<record>
		<username>Porter</username>
		<userid>200</userid>
		<age>65</age>
		<sex>male</sex>
		<height>168</height>
		<weight>86</weight>
		<credibility>4</credibility>
		<drug1>Dopamine</drug1>
		<adverseeffect1>Shock, Malaise</adverseeffect1>
		<drug2>Parol</drug2>
		<adverseeffect2>Redness, Hunger</adverseeffect2>
		<drugusage>Dopamine->Shock, Malaise ; Parol->Redness, Hunger</drugusage>
	</record>
</records>