username|userid|age|sex|height|weight|credibility|drug|adverseeffect|drugusage
Jameson|1|9|female|177|55|1|Diazepam|Diabetic, Vertigo|Diazepam->Diabetic, Vertigo
Stephen|2|3|female|174|81|9|Ibuprofen|Migraine, Asthma, Ear_pain|Ibuprofen->Migraine, Asthma, Ear_pain
Mark|3|5|female|153|69|9|Xanax/Alprazolam||Xanax/Alprazolam->
Barry|4|6|female|172|60|5|Majezik|Shock, Coma, Hunger|Majezik->Shock, Coma, Hunger
Dean|5|4|female|174|95|8|Vasopressin|Malaise|Vasopressin->Malaise
Maxwell|6|3|female|185|107|8|Zyrtec/Cetirizine|Hypersensitivity|Zyrtec/Cetirizine->Hypersensitivity
Joseph|7|8|female|185|111|1|Dexpanthenol||Dexpanthenol->
Edward|8|1|female|150|91|7|EpiPen||EpiPen->
Kareem|9|4|female|188|97|3|Ibuprofen|Anxiety, Hypertension, Ulcer|Ibuprofen->Anxiety, Hypertension, Ulcer
Amos|10|9|female|178|120|5|Panadol/Acetaminophen|Diarrhoea|Panadol/Acetaminophen->Diarrhoea
Rooney|11|3|female|178|97|4|Majezik|Sweating, Diarrhoea, Shock|Majezik->Sweating, Diarrhoea, Shock
Ryan|12|4|female|156|67|9|Insulin|Sweating, Chest_pain, Depression|Insulin->Sweating, Chest_pain, Depression
Wayne|13|3|female|154|101|1|Sertralin|Redness, Headache, Dizziness|Sertralin->Redness, Headache, Dizziness
Emerson|14|1|female|168|112|8|Vasopressin|Anxiety, Hypertension, Diarrhoea|Vasopressin->Anxiety, Hypertension, Diarrhoea
Robert|15|3|female|172|89|5|Baclofen|Redness|Baclofen->Redness
Julian|16|4|female|175|89|2|Voltaren/Diclofenac|Dizziness|Voltaren/Diclofenac->Dizziness
Jordan|17|9|female|192|91|10|Voltaren/Diclofenac|Hypertension, Depression|Voltaren/Diclofenac->Hypertension, Depression
Burton|18|7|female|169|101|8|Baclofen|Coma, Headache|Baclofen->Coma, Headache
Zachery|19|9|female|155|81|6|Aspirin|Diabetic|Aspirin->Diabetic
Beck|20|6|female|184|119|4|Epinephrine|Diarrhoea, Sweating, Diabetic|Epinephrine->Diarrhoea, Sweating, Diabetic
Chaney|21|3|female|193|92|2|Epinephrine|Coma, Headache|Epinephrine->Coma, Headache
Marshall|22|5|female|170|115|7|Aspirin|Ear_pain, Chest_pain|Aspirin->Ear_pain, Chest_pain
Colt|23|5|female|190|77|10|Insulin||Insulin->
Bruce|24|5|female|165|104|1|Diazepam||Diazepam->
Vladimir|25|9|female|183|64|1|Dexpanthenol||Dexpanthenol->
Rudyard|26|7|female|191|70|1|Panadol/Acetaminophen|Vomiting|Panadol/Acetaminophen->Vomiting
Jonas|27|10|female|184|88|3|Panadol/Acetaminophen|Anxiety, Chest_pain, Diarrhoea|Panadol/Acetaminophen->Anxiety, Chest_pain, Diarrhoea
Preston|28|8|female|172|91|3|Aspirin|Sweating, Vomiting|Aspirin->Sweating, Vomiting
Ezekiel|29|8|female|185|63|2|Baclofen||Baclofen->
Levi|30|8|female|183|83|6|Zyrtec/Cetirizine||Zyrtec/Cetirizine->
Brandon|31|7|female|157|66|8|Vasopressin|Tremor|Vasopressin->Tremor
Blaze|32|6|female|199|88|8|Majezik|Chest_pain|Majezik->Chest_pain
Merrill|33|10|female|181|66|2|Nitroglycerin|Shock, Dizziness, Ear_pain|Nitroglycerin->Shock, Dizziness, Ear_pain
Brennan|34|6|female|166|99|1|EpiPen||EpiPen->
David|35|10|female|196|81|3|Majezik|Hypersensitivity, Vertigo, Diarrhoea|Majezik->Hypersensitivity, Vertigo, Diarrhoea
Ferris|36|7|female|179|118|7|Xanax/Alprazolam||Xanax/Alprazolam->
Camden|37|6|female|163|83|2|EpiPen||EpiPen->
Dennis|38|5|female|152|63|2|Zyrtec/Cetirizine|Hypertension, Diabetic, Hunger|Zyrtec/Cetirizine->Hypertension, Diabetic, Hunger
Jonas|39|4|female|160|91|5|Zovirax/Acyclovir|Chest_pain, Hypertension, Anxiety|Zovirax/Acyclovir->Chest_pain, Hypertension, Anxiety
Xanthus|40|8|female|171|119|1|Majezik||Majezik->
Connor|41|5|female|167|86|10|Zyrtec/Cetirizine||Zyrtec/Cetirizine->
Ferdinand|42|4|female|180|65|3|Insulin|Diabetic, Sweating, Malaise|Insulin->Diabetic, Sweating, Malaise
Declan|43|1|female|153|119|2|Voltaren/Diclofenac|Coma, Ulcer|Voltaren/Diclofenac->Coma, Ulcer
Hamish|44|9|female|175|71|9|Ibuprofen|Coma, Vertigo, Diabetic|Ibuprofen->Coma, Vertigo, Diabetic
Samson|45|9|female|166|64|3|Dexpanthenol|Coma|Dexpanthenol->Coma
Sean|46|9|female|155|55|8|Insulin|Asthma, Sweating, Vertigo|Insulin->Asthma, Sweating, Vertigo
Nathan|47|3|female|195|113|5|Dopamine|Ulcer, Dizziness|Dopamine->Ulcer, Dizziness
Cruz|48|3|female|189|65|10|Ventolin/Salbutamol||Ventolin/Salbutamol->
Octavius|49|8|female|154|105|2|Xanax/Alprazolam|Coma, Asthma, Ulcer|Xanax/Alprazolam->Coma, Asthma, Ulcer
Rudyard|50|6|female|157|79|1|Ibuprofen|Hunger|Ibuprofen->Hunger
Colton|51|7|female|160|69|6|Panadol/Acetaminophen||Panadol/Acetaminophen->
Fitzgerald|52|5|female|185|82|7|Diazepam|Ear_pain, Diabetic|Diazepam->Ear_pain, Diabetic
Hector|53|9|female|195|110|3|Majezik|Vomiting, Dizziness, Ear_pain|Majezik->Vomiting, Dizziness, Ear_pain
Dorian|54|4|female|173|67|7|Ibuprofen||Ibuprofen->
Nissim|55|10|female|172|63|8|Panadol/Acetaminophen|Sweating, Ulcer|Panadol/Acetaminophen->Sweating, Ulcer
Jakeem|56|4|female|179|106|5|Sertralin|Asthma, Depression, Ear_pain|Sertralin->Asthma, Depression, Ear_pain
Dylan|57|1|female|155|108|1|Diazepam|Hypertension|Diazepam->Hypertension
Abbot|58|5|female|198|113|9|Voltaren/Diclofenac|Redness, Coma|Voltaren/Diclofenac->Redness, Coma
Akeem|59|9|female|176|59|2|Xanax/Alprazolam|Depression, Headache|Xanax/Alprazolam->Depression, Headache
Gavin|60|1|female|160|109|7|Majezik|Ulcer, Tremor, Malaise|Majezik->Ulcer, Tremor, Malaise
Levi|61|5|female|181|69|6|Epinephrine||Epinephrine->
Yasir|62|1|female|167|107|4|Ventolin/Salbutamol|Asthma, Hunger|Ventolin/Salbutamol->Asthma, Hunger
Herrod|63|10|female|152|120|3|Vasopressin|Tremor, Dizziness, Anxiety|Vasopressin->Tremor, Dizziness, Anxiety
Tarik|64|7|female|175|59|4|Nitroglycerin||Nitroglycerin->
Jonah|65|8|female|183|87|1|Zyrtec/Cetirizine|Depression, Chest_pain, Shock|Zyrtec/Cetirizine->Depression, Chest_pain, Shock
Gabriel|66|8|female|188|96|4|Zovirax/Acyclovir|Asthma|Zovirax/Acyclovir->Asthma
Hamish|67|9|female|151|101|9|Zovirax/Acyclovir|Tremor, Asthma, Malaise|Zovirax/Acyclovir->Tremor, Asthma, Malaise
Thor|68|3|female|175|108|9|Zovirax/Acyclovir|Sweating, Ear_pain|Zovirax/Acyclovir->Sweating, Ear_pain
Reuben|69|2|female|171|73|8|Voltaren/Diclofenac|Hypersensitivity, Headache, Migraine|Voltaren/Diclofenac->Hypersensitivity, Headache, Migraine
Elmo|70|10|female|173|67|8|Epinephrine|Chest_pain|Epinephrine->Chest_pain
Gray|71|4|female|173|63|1|Insulin||Insulin->
Aaron|72|9|female|181|110|8|Ibuprofen|Diabetic, Vomiting|Ibuprofen->Diabetic, Vomiting
Barclay|73|6|female|182|105|8|Baclofen|Hypertension|Baclofen->Hypertension
Nero|74|2|female|158|114|8|Insulin|Hunger, Sweating, Redness|Insulin->Hunger, Sweating, Redness
Connor|75|1|female|174|87|2|Diazepam||Diazepam->
Stephen|76|1|female|193|84|7|Panadol/Acetaminophen|Ear_pain, Hunger|Panadol/Acetaminophen->Ear_pain, Hunger
Sebastian|77|5|female|161|115|7|Panadol/Acetaminophen|Diarrhoea, Hypertension, Chest_pain|Panadol/Acetaminophen->Diarrhoea, Hypertension, Chest_pain
Upton|78|2|female|197|73|2|Zyrtec/Cetirizine|Malaise, Ear_pain, Shock|Zyrtec/Cetirizine->Malaise, Ear_pain, Shock
Neville|79|6|female|154|115|4|Parol|Shock, Depression, Redness|Parol->Shock, Depression, Redness
Porter|80|5|female|153|118|3|Baclofen|Headache, Diarrhoea|Baclofen->Headache, Diarrhoea
Evan|81|5|female|175|90|7|Epinephrine|Ulcer, Redness, Hypersensitivity|Epinephrine->Ulcer, Redness, Hypersensitivity
Lev|82|8|female|170|57|7|Dopamine||Dopamine->
Xander|83|1|female|152|100|8|Baclofen|Sweating, Vertigo|Baclofen->Sweating, Vertigo
Tarik|84|3|female|166|111|4|Zyrtec/Cetirizine|Sweating|Zyrtec/Cetirizine->Sweating
Adrian|85|10|female|170|118|1|Zyrtec/Cetirizine||Zyrtec/Cetirizine->
Levi|86|6|female|172|116|4|Xanax/Alprazolam||Xanax/Alprazolam->
Lee|87|6|female|195|69|6|Xanax/Alprazolam|Ulcer, Hunger, Ear_pain|Xanax/Alprazolam->Ulcer, Hunger, Ear_pain
Branden|88|1|female|153|118|5|Ventolin/Salbutamol|Malaise, Asthma|Ventolin/Salbutamol->Malaise, Asthma
Honorato|89|1|female|153|94|7|Dopamine|Anxiety, Hypersensitivity|Dopamine->Anxiety, Hypersensitivity
Justin|90|6|female|150|106|2|Diazepam|Dizziness|Diazepam->Dizziness
Aristotle|91|2|female|175|107|9|Parol|Headache|Parol->Headache
Brock|92|7|female|175|59|4|EpiPen|Hunger, Diabetic, Depression|EpiPen->Hunger, Diabetic, Depression
Uriah|93|4|female|163|90|7|Epinephrine||Epinephrine->
Dylan|94|1|female|193|57|10|Ventolin/Salbutamol|Ear_pain, Headache|Ventolin/Salbutamol->Ear_pain, Headache
Rudyard|95|5|female|168|62|8|Zovirax/Acyclovir|Shock, Ear_pain|Zovirax/Acyclovir->Shock, Ear_pain
Darius|96|2|female|176|90|2|EpiPen|Coma|EpiPen->Coma
Arsenio|97|3|female|173|80|3|Ibuprofen|Hypersensitivity, Redness|Ibuprofen->Hypersensitivity, Redness
Austin|98|7|female|197|71|2|Zovirax/Acyclovir||Zovirax/Acyclovir->
Brady|99|1|female|174|83|6|Panadol/Acetaminophen||Panadol/Acetaminophen->
Lester|100|6|female|182|78|4|Vasopressin|Shock, Anxiety|Vasopressin->Shock, Anxiety