username|userid|age|sex|height|weight|credibility|drug1|adverseeffect1|drug2|adverseeffect2|drugusage
Camden|101|37|male|168|116|2|Insulin|Ear_pain, Asthma|Nitroglycerin|Vertigo, Asthma|Insulin->Ear_pain, Asthma ; Nitroglycerin->Vertigo, Asthma
Alan|102|46|male|173|87|8|Majezik|Headache, Hypertension|Panadol/Acetaminophen|Sweating, Tremor|Majezik->Headache, Hypertension ; Panadol/Acetaminophen->Sweating, Tremor
Uriel|103|43|male|168|74|9|Dopamine|Tremor, Vertigo|Parol|Redness, Anxiety|Dopamine->Tremor, Vertigo ; Parol->Redness, Anxiety
Solomon|104|49|male|182|118|7|Ibuprofen|Vertigo, Vomiting|Ventolin/Salbutamol|Depression, Tremor|Ibuprofen->Vertigo, Vomiting ; Ventolin/Salbutamol->Depression, Tremor
Herman|105|47|male|167|107|3|Insulin|Hypersensitivity, Tremor|Nitroglycerin|Tremor, Vomiting|Insulin->Hypersensitivity, Tremor ; Nitroglycerin->Tremor, Vomiting
Vaughan|106|47|male|196|107|4|Ibuprofen|Hypertension, Vertigo|Panadol/Acetaminophen|Tremor, Ear_pain|Ibuprofen->Hypertension, Vertigo ; Panadol/Acetaminophen->Tremor, Ear_pain
Clinton|107|64|male|189|85|4|Dexpanthenol|Malaise, Dizziness|Panadol/Acetaminophen|Headache, Vomiting|Dexpanthenol->Malaise, Dizziness ; Panadol/Acetaminophen->Headache, Vomiting
Murphy|108|43|male|197|72|2|Ibuprofen|Asthma, Diabetic|Voltaren/Diclofenac|Migraine, Sweating|Ibuprofen->Asthma, Diabetic ; Voltaren/Diclofenac->Migraine, Sweating
Marsden|109|55|male|187|67|4|Insulin|Migraine, Asthma|Panadol/Acetaminophen|Coma, Hunger|Insulin->Migraine, Asthma ; Panadol/Acetaminophen->Coma, Hunger
Hu|110|23|male|199|64|4|Baclofen|Hypersensitivity, Headache|Nitroglycerin|Coma, Asthma|Baclofen->Hypersensitivity, Headache ; Nitroglycerin->Coma, Asthma
Brody|111|35|male|176|59|6|Epinephrine|Malaise, Diarrhoea|Nitroglycerin|Vertigo, Anxiety|Epinephrine->Malaise, Diarrhoea ; Nitroglycerin->Vertigo, Anxiety
Judah|112|22|male|174|74|7|Majezik|Depression, Malaise|Zyrtec/Cetirizine|Chest_pain, Ulcer|Majezik->Depression, Malaise ; Zyrtec/Cetirizine->Chest_pain, Ulcer
Moses|113|56|male|192|70|10|Diazepam|Diabetic, Ulcer|Xanax/Alprazolam|Diabetic, Coma|Diazepam->Diabetic, Ulcer ; Xanax/Alprazolam->Diabetic, Coma
Oscar|114|68|male|152|92|8|Aspirin|Dizziness, Depression|Voltaren/Diclofenac|Chest_pain, Hunger|Aspirin->Dizziness, Depression ; Voltaren/Diclofenac->Chest_pain, Hunger
Prescott|115|68|male|195|119|10|Ibuprofen|Shock, Chest_pain|Panadol/Acetaminophen|Sweating, Tremor|Ibuprofen->Shock, Chest_pain ; Panadol/Acetaminophen->Sweating, Tremor
Tiger|116|23|male|154|103|9|Dopamine|Tremor, Diarrhoea|Zovirax/Acyclovir|Dizziness, Anxiety|Dopamine->Tremor, Diarrhoea ; Zovirax/Acyclovir->Dizziness, Anxiety
Alden|117|24|male|186|85|8|Dopamine|Sweating, Ulcer|Sertralin|Chest_pain, Ulcer|Dopamine->Sweating, Ulcer ; Sertralin->Chest_pain, Ulcer
Louis|118|65|male|168|70|1|Diazepam|Chest_pain, Hypertension|Xanax/Alprazolam|Diabetic, Dizziness|Diazepam->Chest_pain, Hypertension ; Xanax/Alprazolam->Diabetic, Dizziness
Theodore|119|23|male|173|76|6|Majezik|Diabetic, Vertigo|Ventolin/Salbutamol|Hypertension, Sweating|Majezik->Diabetic, Vertigo ; Ventolin/Salbutamol->Hypertension, Sweating
Amir|120|59|male|171|79|7|Epinephrine|Hypersensitivity, Hypertension|Parol|Malaise, Migraine|Epinephrine->Hypersensitivity, Hypertension ; Parol->Malaise, Migraine
Dexter|121|49|male|180|66|6|Dexpanthenol|Vomiting, Ear_pain|Sertralin|Tremor, Ear_pain|Dexpanthenol->Vomiting, Ear_pain ; Sertralin->Tremor, Ear_pain
Austin|122|36|male|162|70|4|Dexpanthenol|Redness, Shock|Sertralin|Vomiting, Diarrhoea|Dexpanthenol->Redness, Shock ; Sertralin->Vomiting, Diarrhoea
Cedric|123|18|male|173|120|2|Insulin|Headache, Migraine|Voltaren/Diclofenac|Chest_pain, Vomiting|Insulin->Headache, Migraine ; Voltaren/Diclofenac->Chest_pain, Vomiting
Slade|124|41|male|192|115|6|Dexpanthenol|Tremor, Diabetic|Nitroglycerin|Vertigo, Diarrhoea|Dexpanthenol->Tremor, Diabetic ; Nitroglycerin->Vertigo, Diarrhoea
Lamar|125|56|male|162|116|7|Dexpanthenol|Shock, Headache|Sertralin|Coma, Tremor|Dexpanthenol->Shock, Headache ; Sertralin->Coma, Tremor
Baxter|126|25|male|180|58|5|Diazepam|Migraine, Redness|Voltaren/Diclofenac|Hunger, Anxiety|Diazepam->Migraine, Redness ; Voltaren/Diclofenac->Hunger, Anxiety
Abraham|127|33|male|194|110|4|Epinephrine|Headache, Hypertension|Vasopressin|Depression, Ulcer|Epinephrine->Headache, Hypertension ; Vasopressin->Depression, Ulcer
Francis|128|20|male|199|106|7|Dexpanthenol|Hypertension, Hunger|Voltaren/Diclofenac|Headache, Hypertension|Dexpanthenol->Hypertension, Hunger ; Voltaren/Diclofenac->Headache, Hypertension
Keith|129|28|male|159|118|2|Dopamine|Ulcer, Diabetic|Zyrtec/Cetirizine|Depression, Hypertension|Dopamine->Ulcer, Diabetic ; Zyrtec/Cetirizine->Depression, Hypertension
Nasim|130|52|male|165|102|2|Insulin|Tremor, Malaise|Xanax/Alprazolam|Ear_pain, Vomiting|Insulin->Tremor, Malaise ; Xanax/Alprazolam->Ear_pain, Vomiting
Warren|131|62|male|162|85|3|Diazepam|Asthma, Migraine|Zovirax/Acyclovir|Ear_pain, Sweating|Diazepam->Asthma, Migraine ; Zovirax/Acyclovir->Ear_pain, Sweating
Derek|132|21|male|179|83|7|Majezik|Headache, Vertigo|Voltaren/Diclofenac|Vertigo, Migraine|Majezik->Headache, Vertigo ; Voltaren/Diclofenac->Vertigo, Migraine
Kennan|133|26|male|155|75|8|Dexpanthenol|Chest_pain, Headache|Vasopressin|Dizziness, Shock|Dexpanthenol->Chest_pain, Headache ; Vasopressin->Dizziness, Shock
Stuart|134|43|male|190|98|1|Epinephrine|Asthma, Redness|Sertralin|Coma, Headache|Epinephrine->Asthma, Redness ; Sertralin->Coma, Headache
Kato|135|61|male|185|114|10|Majezik|Diarrhoea, Anxiety|Ventolin/Salbutamol|Diabetic, Hunger|Majezik->Diarrhoea, Anxiety ; Ventolin/Salbutamol->Diabetic, Hunger
Orson|136|44|male|186|55|5|Dopamine|Anxiety, Asthma|Nitroglycerin|Hunger, Ear_pain|Dopamine->Anxiety, Asthma ; Nitroglycerin->Hunger, Ear_pain
Channing|137|63|male|162|70|9|EpiPen|Asthma, Malaise|Parol|Chest_pain, Hunger|EpiPen->Asthma, Malaise ; Parol->Chest_pain, Hunger
Alvin|138|52|male|163|71|1|Ibuprofen|Diabetic, Tremor|Parol|Asthma, Diarrhoea|Ibuprofen->Diabetic, Tremor ; Parol->Asthma, Diarrhoea
Lee|139|50|male|174|102|10|Aspirin|Sweating, Headache|Zovirax/Acyclovir|Asthma, Headache|Aspirin->Sweating, Headache ; Zovirax/Acyclovir->Asthma, Headache
Moses|140|47|male|161|59|8|Dopamine|Depression, Dizziness|Zovirax/Acyclovir|Diarrhoea, Malaise|Dopamine->Depression, Dizziness ; Zovirax/Acyclovir->Diarrhoea, Malaise
Hilel|141|33|male|158|83|4|EpiPen|Coma, Hunger|Parol|Ulcer, Sweating|EpiPen->Coma, Hunger ; Parol->Ulcer, Sweating
Adam|142|59|male|161|109|10|Epinephrine|Tremor, Anxiety|Zovirax/Acyclovir|Migraine, Diabetic|Epinephrine->Tremor, Anxiety ; Zovirax/Acyclovir->Migraine, Diabetic
Moses|143|55|male|178|113|1|EpiPen|Redness, Anxiety|Xanax/Alprazolam|Asthma, Ear_pain|EpiPen->Redness, Anxiety ; Xanax/Alprazolam->Asthma, Ear_pain
Herrod|144|28|male|191|96|6|Insulin|Vomiting, Diarrhoea|Zyrtec/Cetirizine|Tremor, Sweating|Insulin->Vomiting, Diarrhoea ; Zyrtec/Cetirizine->Tremor, Sweating
Colton|145|32|male|185|96|9|Majezik|Coma, Dizziness|Voltaren/Diclofenac|Shock, Dizziness|Majezik->Coma, Dizziness ; Voltaren/Diclofenac->Shock, Dizziness
Hilel|146|31|male|163|73|9|Insulin|Diabetic, Hypersensitivity|Xanax/Alprazolam|Ulcer, Depression|Insulin->Diabetic, Hypersensitivity ; Xanax/Alprazolam->Ulcer, Depression
Gary|147|36|male|168|82|4|Insulin|Depression, Sweating|Zovirax/Acyclovir|Hypertension, Hypersensitivity|Insulin->Depression, Sweating ; Zovirax/Acyclovir->Hypertension, Hypersensitivity
Curran|148|30|male|168|119|10|Diazepam|Diarrhoea, Vomiting|Zyrtec/Cetirizine|Ulcer, Headache|Diazepam->Diarrhoea, Vomiting ; Zyrtec/Cetirizine->Ulcer, Headache
Philip|149|44|male|175|59|6|Aspirin|Coma, Malaise|Voltaren/Diclofenac|Coma, Anxiety|Aspirin->Coma, Malaise ; Voltaren/Diclofenac->Coma, Anxiety
Colt|150|47|male|184|109|7|Aspirin|Malaise, Ulcer|Zyrtec/Cetirizine|Diabetic, Tremor|Aspirin->Malaise, Ulcer ; Zyrtec/Cetirizine->Diabetic, Tremor
Vernon|151|41|male|189|60|4|Insulin|Redness, Migraine|Zyrtec/Cetirizine|Hypersensitivity, Diabetic|Insulin->Redness, Migraine ; Zyrtec/Cetirizine->Hypersensitivity, Diabetic
Prescott|152|34|male|174|60|10|Dexpanthenol|Sweating, Depression|Zyrtec/Cetirizine|Hunger, Hypersensitivity|Dexpanthenol->Sweating, Depression ; Zyrtec/Cetirizine->Hunger, Hypersensitivity
Devin|153|70|male|192|115|9|EpiPen|Malaise, Diarrhoea|Nitroglycerin|Diabetic, Chest_pain|EpiPen->Malaise, Diarrhoea ; Nitroglycerin->Diabetic, Chest_pain
Malachi|154|66|male|179|56|5|Baclofen|Sweating, Vomiting|Ventolin/Salbutamol|Diabetic, Shock|Baclofen->Sweating, Vomiting ; Ventolin/Salbutamol->Diabetic, Shock
Griffin|155|22|male|163|106|6|Dexpanthenol|Coma, Diabetic|Zovirax/Acyclovir|Sweating, Shock|Dexpanthenol->Coma, Diabetic ; Zovirax/Acyclovir->Sweating, Shock
Dalton|156|66|male|196|99|8|Baclofen|Malaise, Shock|Ventolin/Salbutamol|Ulcer, Hunger|Baclofen->Malaise, Shock ; Ventolin/Salbutamol->Ulcer, Hunger
Damon|157|33|male|182|81|10|Diazepam|Ear_pain, Headache|Ventolin/Salbutamol|Vertigo, Diabetic|Diazepam->Ear_pain, Headache ; Ventolin/Salbutamol->Vertigo, Diabetic
Bert|158|30|male|196|111|4|Aspirin|Dizziness, Hypersensitivity|Vasopressin|Sweating, Coma|Aspirin->Dizziness, Hypersensitivity ; Vasopressin->Sweating, Coma
Holmes|159|49|male|165|63|6|Insulin|Hunger, Shock|Panadol/Acetaminophen|Migraine, Chest_pain|Insulin->Hunger, Shock ; Panadol/Acetaminophen->Migraine, Chest_pain
Elmo|160|18|male|186|106|7|Ibuprofen|Malaise, Sweating|Sertralin|Hunger, Depression|Ibuprofen->Malaise, Sweating ; Sertralin->Hunger, Depression
Myles|161|57|male|179|77|5|Diazepam|Chest_pain, Migraine|Vasopressin|Asthma, Hypersensitivity|Diazepam->Chest_pain, Migraine ; Vasopressin->Asthma, Hypersensitivity
Raja|162|57|male|157|64|2|Ibuprofen|Chest_pain, Diarrhoea|Vasopressin|Ulcer, Headache|Ibuprofen->Chest_pain, Diarrhoea ; Vasopressin->Ulcer, Headache
Shad|163|20|male|183|79|4|Dopamine|Hypertension, Headache|Voltaren/Diclofenac|Tremor, Hunger|Dopamine->Hypertension, Headache ; Voltaren/Diclofenac->Tremor, Hunger
Seth|164|30|male|179|120|3|Aspirin|Tremor, Migraine|Zovirax/Acyclovir|Hypertension, Hunger|Aspirin->Tremor, Migraine ; Zovirax/Acyclovir->Hypertension, Hunger
Alan|165|51|male|179|59|5|Aspirin|Dizziness, Diabetic|Voltaren/Diclofenac|Diarrhoea, Tremor|Aspirin->Dizziness, Diabetic ; Voltaren/Diclofenac->Diarrhoea, Tremor
Zeus|166|38|male|179|85|8|Majezik|Hypersensitivity, Dizziness|Zyrtec/Cetirizine|Vertigo, Migraine|Majezik->Hypersensitivity, Dizziness ; Zyrtec/Cetirizine->Vertigo, Migraine
Callum|167|52|male|190|116|3|Majezik|Sweating, Diarrhoea|Sertralin|Diabetic, Depression|Majezik->Sweating, Diarrhoea ; Sertralin->Diabetic, Depression
Linus|168|57|male|174|87|4|Epinephrine|Ear_pain, Redness|Sertralin|Diarrhoea, Ear_pain|Epinephrine->Ear_pain, Redness ; Sertralin->Diarrhoea, Ear_pain
Raymond|169|29|male|191|73|1|Dexpanthenol|Redness, Ear_pain|Xanax/Alprazolam|Redness, Sweating|Dexpanthenol->Redness, Ear_pain ; Xanax/Alprazolam->Redness, Sweating
Orson|170|47|male|170|69|7|Aspirin|Anxiety, Sweating|Sertralin|Dizziness, Vertigo|Aspirin->Anxiety, Sweating ; Sertralin->Dizziness, Vertigo
Nathaniel|171|31|male|157|119|9|Diazepam|Malaise, Diarrhoea|Vasopressin|Malaise, Redness|Diazepam->Malaise, Diarrhoea ; Vasopressin->Malaise, Redness
Igor|172|24|male|195|83|3|Insulin|Sweating, Migraine|Parol|Dizziness, Migraine|Insulin->Sweating, Migraine ; Parol->Dizziness, Migraine
Emery|173|70|male|188|93|8|Diazepam|Shock, Depression|Sertralin|Diarrhoea, Chest_pain|Diazepam->Shock, Depression ; Sertralin->Diarrhoea, Chest_pain
Lucius|174|58|male|166|110|7|Dexpanthenol|Tremor, Migraine|Panadol/Acetaminophen|Ulcer, Headache|Dexpanthenol->Tremor, Migraine ; Panadol/Acetaminophen->Ulcer, Headache
Kasper|175|35|male|197|105|6|Aspirin|Anxiety, Migraine|Nitroglycerin|Diarrhoea, Hypersensitivity|Aspirin->Anxiety, Migraine ; Nitroglycerin->Diarrhoea, Hypersensitivity
Cody|176|65|male|184|61|5|Diazepam|Vertigo, Redness|Vasopressin|Diarrhoea, Vertigo|Diazepam->Vertigo, Redness ; Vasopressin->Diarrhoea, Vertigo
Troy|177|51|male|184|102|2|Dopamine|Redness, Headache|Xanax/Alprazolam|Coma, Dizziness|Dopamine->Redness, Headache ; Xanax/Alprazolam->Coma, Dizziness
Dominic|178|62|male|161|78|5|Diazepam|Asthma, Vomiting|Zovirax/Acyclovir|Diabetic, Vomiting|Diazepam->Asthma, Vomiting ; Zovirax/Acyclovir->Diabetic, Vomiting
Kamal|179|27|male|197|71|7|Baclofen|Hypersensitivity, Diabetic|Xanax/Alprazolam|Coma, Hypertension|Baclofen->Hypersensitivity, Diabetic ; Xanax/Alprazolam->Coma, Hypertension
Kevin|180|18|male|194|96|1|Baclofen|Diarrhoea, Headache|Parol|Hunger, Diabetic|Baclofen->Diarrhoea, Headache ; Parol->Hunger, Diabetic
Kieran|181|60|male|191|76|3|Ibuprofen|Vomiting, Anxiety|Zovirax/Acyclovir|Coma, Hunger|Ibuprofen->Vomiting, Anxiety ; Zovirax/Acyclovir->Coma, Hunger
Baxter|182|39|male|152|117|3|Dexpanthenol|Diabetic, Headache|Vasopressin|Shock, Vomiting|Dexpanthenol->Diabetic, Headache ; Vasopressin->Shock, Vomiting
Hilel|183|27|male|175|87|4|Baclofen|Chest_pain, Diabetic|Sertralin|Hypertension, Dizziness|Baclofen->Chest_pain, Diabetic ; Sertralin->Hypertension, Dizziness
Carlos|184|19|male|150|68|6|Aspirin|Hunger, Anxiety|Ventolin/Salbutamol|Redness, Ulcer|Aspirin->Hunger, Anxiety ; Ventolin/Salbutamol->Redness, Ulcer
John|185|57|male|176|89|6|Baclofen|Ear_pain, Depression|Xanax/Alprazolam|Anxiety, Chest_pain|Baclofen->Ear_pain, Depression ; Xanax/Alprazolam->Anxiety, Chest_pain
Wesley|186|25|male|186|83|1|Aspirin|Vertigo, Hypertension|Vasopressin|Redness, Malaise|Aspirin->Vertigo, Hypertension ; Vasopressin->Redness, Malaise
Zachary|187|49|male|166|66|8|Ibuprofen|Depression, Chest_pain|Panadol/Acetaminophen|Vertigo, Migraine|Ibuprofen->Depression, Chest_pain ; Panadol/Acetaminophen->Vertigo, Migraine
Zephania|188|38|male|191|84|6|Dexpanthenol|Tremor, Anxiety|Nitroglycerin|Headache, Diabetic|Dexpanthenol->Tremor, Anxiety ; Nitroglycerin->Headache, Diabetic
Kareem|189|58|male|183|58|2|Insulin|Ulcer, Tremor|Nitroglycerin|Diarrhoea, Dizziness|Insulin->Ulcer, Tremor ; Nitroglycerin->Diarrhoea, Dizziness
Caleb|190|32|male|159|94|10|Dexpanthenol|Migraine, Depression|Zovirax/Acyclovir|Asthma, Sweating|Dexpanthenol->Migraine, Depression ; Zovirax/Acyclovir->Asthma, Sweating
Daquan|191|63|male|191|63|2|EpiPen|Ulcer, Malaise|Nitroglycerin|Redness, Hypersensitivity|EpiPen->Ulcer, Malaise ; Nitroglycerin->Redness, Hypersensitivity
Zachery|192|18|male|192|88|6|Epinephrine|Dizziness, Vomiting|Zovirax/Acyclovir|Asthma, Ear_pain|Epinephrine->Dizziness, Vomiting ; Zovirax/Acyclovir->Asthma, Ear_pain
Noble|193|67|male|186|96|5|Dopamine|Hypertension, Migraine|Voltaren/Diclofenac|Vertigo, Diabetic|Dopamine->Hypertension, Migraine ; Voltaren/Diclofenac->Vertigo, Diabetic
Thomas|194|35|male|164|120|8|Dopamine|Asthma, Migraine|Panadol/Acetaminophen|Shock, Diabetic|Dopamine->Asthma, Migraine ; Panadol/Acetaminophen->Shock, Diabetic
Damon|195|24|male|175|81|1|Dexpanthenol|Hunger, Redness|Zyrtec/Cetirizine|Hunger, Depression|Dexpanthenol->Hunger, Redness ; Zyrtec/Cetirizine->Hunger, Depression
Ross|196|60|male|191|119|4|Dopamine|Hypersensitivity, Sweating|Sertralin|Tremor, Depression|Dopamine->Hypersensitivity, Sweating ; Sertralin->Tremor, Depression
Martin|197|46|male|192|92|7|Ibuprofen|Depression, Vertigo|Nitroglycerin|Vomiting, Migraine|Ibuprofen->Depression, Vertigo ; Nitroglycerin->Vomiting, Migraine
Isaac|198|41|male|172|87|4|Majezik|Diabetic, Malaise|Vasopressin|Headache, Ear_pain|Majezik->Diabetic, Malaise ; Vasopressin->Headache, Ear_pain
Prescott|199|53|male|160|64|3|Baclofen|Migraine, Malaise|Sertralin|Coma, Migraine|Baclofen->Migraine, Malaise ; Sertralin->Coma, Migraine
Leo|200|58|male|158|80|2|Epinephrine|Tremor, Depression|Zyrtec/Cetirizine|Diarrhoea, Coma|Epinephrine->Tremor, Depression ; Zyrtec/Cetirizine->Diarrhoea, Coma