<?xml version="1.0" encoding="UTF-8" ?><records>
	<record>
		<username>Chester</username>
		<userid>1</userid>
		<age>8</age>
		<sex>female</sex>
		<height>164</height>
		<weight>75</weight>
		<credibility>1</credibility>
		<drug>Ibuprofen</drug>
		<adverseeffect>Tremor</adverseeffect>
		<drugusage>Ibuprofen->Tremor</drugusage>
	</record>
	<record>
		<username>Tucker</username>
		<userid>2</userid>
		<age>1</age>
		<sex>female</sex>
		<height>193</height>
		<weight>115</weight>
		<credibility>9</credibility>
		<drug>Ventolin/Salbutamol</drug>
		<adverseeffect>Anxiety, Diarrhoea</adverseeffect>
		<drugusage>Ventolin/Salbutamol->Anxiety, Diarrhoea</drugusage>
	</record>
	<record>
		<username>Paul</username>
		<userid>3</userid>
		<age>2</age>
		<sex>female</sex>
		<height>181</height>
		<weight>96</weight>
		<credibility>8</credibility>
		<drug>Zovirax/Acyclovir</drug>
		<adverseeffect>Dizziness, Hypersensitivity</adverseeffect>
		<drugusage>Zovirax/Acyclovir->Dizziness, Hypersensitivity</drugusage>
	</record>
	<record>
		<username>Jeremy</username>
		<userid>4</userid>
		<age>5</age>
		<sex>female</sex>
		<height>154</height>
		<weight>113</weight>
		<credibility>6</credibility>
		<drug>Nitroglycerin</drug>
		<adverseeffect>Dizziness, Ear_pain, Coma</adverseeffect>
		<drugusage>Nitroglycerin->Dizziness, Ear_pain, Coma</drugusage>
	</record>
	<record>
		<username>Lucius</username>
		<userid>5</userid>
		<age>9</age>
		<sex>female</sex>
		<height>163</height>
		<weight>119</weight>
		<credibility>9</credibility>
		<drug>Insulin</drug>
		<adverseeffect></adverseeffect>
		<drugusage>Insulin-></drugusage>
	</record>
	<record>
		<username>Dante</username>
		<userid>6</userid>
		<age>5</age>
		<sex>female</sex>
		<height>160</height>
		<weight>89</weight>
		<credibility>4</credibility>
		<drug>Zyrtec/Cetirizine</drug>
		<adverseeffect>Malaise, Dizziness</adverseeffect>
		<drugusage>Zyrtec/Cetirizine->Malaise, Dizziness</drugusage>
	</record>
	<record>
		<username>Geoffrey</username>
		<userid>7</userid>
		<age>8</age>
		<sex>female</sex>
		<height>168</height>
		<weight>57</weight>
		<credibility>3</credibility>
		<drug>Epinephrine</drug>
		<adverseeffect>Shock</adverseeffect>
		<drugusage>Epinephrine->Shock</drugusage>
	</record>
	<record>
		<username>Walter</username>
		<userid>8</userid>
		<age>10</age>
		<sex>female</sex>
		<height>162</height>
		<weight>63</weight>
		<credibility>3</credibility>
		<drug>Majezik</drug>
		<adverseeffect></adverseeffect>
		<drugusage>Majezik-></drugusage>
	</record>
	<record>
		<username>William</username>
		<userid>9</userid>
		<age>9</age>
		<sex>female</sex>
		<height>160</height>
		<weight>108</weight>
		<credibility>3</credibility>
		<drug>Zovirax/Acyclovir</drug>
		<adverseeffect>Dizziness, Hypertension, Coma</adverseeffect>
		<drugusage>Zovirax/Acyclovir->Dizziness, Hypertension, Coma</drugusage>
	</record>
	<record>
		<username>Flynn</username>
		<userid>10</userid>
		<age>2</age>
		<sex>female</sex>
		<height>171</height>
		<weight>110</weight>
		<credibility>3</credibility>
		<drug>Epinephrine</drug>
		<adverseeffect>Diarrhoea, Hunger</adverseeffect>
		<drugusage>Epinephrine->Diarrhoea, Hunger</drugusage>
	</record>
	<record>
		<username>Francis</username>
		<userid>11</userid>
		<age>8</age>
		<sex>female</sex>
		<height>166</height>
		<weight>90</weight>
		<credibility>3</credibility>
		<drug>Aspirin</drug>
		<adverseeffect>Diarrhoea</adverseeffect>
		<drugusage>Aspirin->Diarrhoea</drugusage>
	</record>
	<record>
		<username>Elton</username>
		<userid>12</userid>
		<age>3</age>
		<sex>female</sex>
		<height>175</height>
		<weight>102</weight>
		<credibility>2</credibility>
		<drug>Vasopressin</drug>
		<adverseeffect>Ulcer</adverseeffect>
		<drugusage>Vasopressin->Ulcer</drugusage>
	</record>
	<record>
		<username>Ethan</username>
		<userid>13</userid>
		<age>3</age>
		<sex>female</sex>
		<height>179</height>
		<weight>94</weight>
		<credibility>10</credibility>
		<drug>Voltaren/Diclofenac</drug>
		<adverseeffect>Ear_pain</adverseeffect>
		<drugusage>Voltaren/Diclofenac->Ear_pain</drugusage>
	</record>
	<record>
		<username>Brendan</username>
		<userid>14</userid>
		<age>10</age>
		<sex>female</sex>
		<height>172</height>
		<weight>58</weight>
		<credibility>6</credibility>
		<drug>Xanax/Alprazolam</drug>
		<adverseeffect>Redness, Headache, Ear_pain</adverseeffect>
		<drugusage>Xanax/Alprazolam->Redness, Headache, Ear_pain</drugusage>
	</record>
	<record>
		<username>Grady</username>
		<userid>15</userid>
		<age>7</age>
		<sex>female</sex>
		<height>166</height>
		<weight>61</weight>
		<credibility>3</credibility>
		<drug>Dexpanthenol</drug>
		<adverseeffect>Diabetic</adverseeffect>
		<drugusage>Dexpanthenol->Diabetic</drugusage>
	</record>
	<record>
		<username>Tanek</username>
		<userid>16</userid>
		<age>2</age>
		<sex>female</sex>
		<height>158</height>
		<weight>117</weight>
		<credibility>2</credibility>
		<drug>Zovirax/Acyclovir</drug>
		<adverseeffect>Coma, Ulcer</adverseeffect>
		<drugusage>Zovirax/Acyclovir->Coma, Ulcer</drugusage>
	</record>
	<record>
		<username>Dane</username>
		<userid>17</userid>
		<age>3</age>
		<sex>female</sex>
		<height>171</height>
		<weight>74</weight>
		<credibility>6</credibility>
		<drug>Dexpanthenol</drug>
		<adverseeffect>Vertigo, Hypersensitivity</adverseeffect>
		<drugusage>Dexpanthenol->Vertigo, Hypersensitivity</drugusage>
	</record>
	<record>
		<username>Martin</username>
		<userid>18</userid>
		<age>10</age>
		<sex>female</sex>
		<height>191</height>
		<weight>55</weight>
		<credibility>6</credibility>
		<drug>Zyrtec/Cetirizine</drug>
		<adverseeffect>Tremor, Diabetic</adverseeffect>
		<drugusage>Zyrtec/Cetirizine->Tremor, Diabetic</drugusage>
	</record>
	<record>
		<username>Harper</username>
		<userid>19</userid>
		<age>9</age>
		<sex>female</sex>
		<height>150</height>
		<weight>103</weight>
		<credibility>4</credibility>
		<drug>Dopamine</drug>
		<adverseeffect>Malaise, Hunger, Sweating</adverseeffect>
		<drugusage>Dopamine->Malaise, Hunger, Sweating</drugusage>
	</record>
	<record>
		<username>Joel</username>
		<userid>20</userid>
		<age>2</age>
		<sex>female</sex>
		<height>152</height>
		<weight>112</weight>
		<credibility>5</credibility>
		<drug>Nitroglycerin</drug>
		<adverseeffect>Sweating, Diarrhoea, Tremor</adverseeffect>
		<drugusage>Nitroglycerin->Sweating, Diarrhoea, Tremor</drugusage>
	</record>
	<record>
		<username>Mannix</username>
		<userid>21</userid>
		<age>4</age>
		<sex>female</sex>
		<height>178</height>
		<weight>65</weight>
		<credibility>6</credibility>
		<drug>Xanax/Alprazolam</drug>
		<adverseeffect></adverseeffect>
		<drugusage>Xanax/Alprazolam-></drugusage>
	</record>
	<record>
		<username>Orlando</username>
		<userid>22</userid>
		<age>1</age>
		<sex>female</sex>
		<height>190</height>
		<weight>67</weight>
		<credibility>4</credibility>
		<drug>EpiPen</drug>
		<adverseeffect>Tremor, Diarrhoea</adverseeffect>
		<drugusage>EpiPen->Tremor, Diarrhoea</drugusage>
	</record>
	<record>
		<username>Lester</username>
		<userid>23</userid>
		<age>10</age>
		<sex>female</sex>
		<height>185</height>
		<weight>58</weight>
		<credibility>1</credibility>
		<drug>Ibuprofen</drug>
		<adverseeffect></adverseeffect>
		<drugusage>Ibuprofen-></drugusage>
	</record>
	<record>
		<username>Ryan</username>
		<userid>24</userid>
		<age>3</age>
		<sex>female</sex>
		<height>157</height>
		<weight>61</weight>
		<credibility>5</credibility>
		<drug>Ibuprofen</drug>
		<adverseeffect>Sweating, Asthma, Migraine</adverseeffect>
		<drugusage>Ibuprofen->Sweating, Asthma, Migraine</drugusage>
	</record>
	<record>
		<username>Leonard</username>
		<userid>25</userid>
		<age>1</age>
		<sex>female</sex>
		<height>182</height>
		<weight>78</weight>
		<credibility>10</credibility>
		<drug>Baclofen</drug>
		<adverseeffect></adverseeffect>
		<drugusage>Baclofen-></drugusage>
	</record>
	<record>
		<username>Kibo</username>
		<userid>26</userid>
		<age>2</age>
		<sex>female</sex>
		<height>166</height>
		<weight>70</weight>
		<credibility>8</credibility>
		<drug>Ventolin/Salbutamol</drug>
		<adverseeffect>Dizziness</adverseeffect>
		<drugusage>Ventolin/Salbutamol->Dizziness</drugusage>
	</record>
	<record>
		<username>Ralph</username>
		<userid>27</userid>
		<age>9</age>
		<sex>female</sex>
		<height>172</height>
		<weight>67</weight>
		<credibility>7</credibility>
		<drug>Panadol/Acetaminophen</drug>
		<adverseeffect>Hypersensitivity, Ulcer</adverseeffect>
		<drugusage>Panadol/Acetaminophen->Hypersensitivity, Ulcer</drugusage>
	</record>
	<record>
		<username>Kibo</username>
		<userid>28</userid>
		<age>8</age>
		<sex>female</sex>
		<height>190</height>
		<weight>93</weight>
		<credibility>8</credibility>
		<drug>Epinephrine</drug>
		<adverseeffect>Malaise, Depression, Tremor</adverseeffect>
		<drugusage>Epinephrine->Malaise, Depression, Tremor</drugusage>
	</record>
	<record>
		<username>Ferris</username>
		<userid>29</userid>
		<age>9</age>
		<sex>female</sex>
		<height>175</height>
		<weight>62</weight>
		<credibility>2</credibility>
		<drug>Parol</drug>
		<adverseeffect></adverseeffect>
		<drugusage>Parol-></drugusage>
	</record>
	<record>
		<username>Burton</username>
		<userid>30</userid>
		<age>7</age>
		<sex>female</sex>
		<height>169</height>
		<weight>64</weight>
		<credibility>5</credibility>
		<drug>Zovirax/Acyclovir</drug>
		<adverseeffect></adverseeffect>
		<drugusage>Zovirax/Acyclovir-></drugusage>
	</record>
	<record>
		<username>Hashim</username>
		<userid>31</userid>
		<age>3</age>
		<sex>female</sex>
		<height>188</height>
		<weight>80</weight>
		<credibility>7</credibility>
		<drug>Diazepam</drug>
		<adverseeffect>Diarrhoea</adverseeffect>
		<drugusage>Diazepam->Diarrhoea</drugusage>
	</record>
	<record>
		<username>Roth</username>
		<userid>32</userid>
		<age>7</age>
		<sex>female</sex>
		<height>176</height>
		<weight>104</weight>
		<credibility>1</credibility>
		<drug>Insulin</drug>
		<adverseeffect></adverseeffect>
		<drugusage>Insulin-></drugusage>
	</record>
	<record>
		<username>Aquila</username>
		<userid>33</userid>
		<age>9</age>
		<sex>female</sex>
		<height>168</height>
		<weight>113</weight>
		<credibility>5</credibility>
		<drug>Diazepam</drug>
		<adverseeffect>Hunger</adverseeffect>
		<drugusage>Diazepam->Hunger</drugusage>
	</record>
	<record>
		<username>Magee</username>
		<userid>34</userid>
		<age>2</age>
		<sex>female</sex>
		<height>189</height>
		<weight>112</weight>
		<credibility>4</credibility>
		<drug>Ventolin/Salbutamol</drug>
		<adverseeffect>Malaise, Ulcer, Tremor</adverseeffect>
		<drugusage>Ventolin/Salbutamol->Malaise, Ulcer, Tremor</drugusage>
	</record>
	<record>
		<username>Levi</username>
		<userid>35</userid>
		<age>7</age>
		<sex>female</sex>
		<height>156</height>
		<weight>116</weight>
		<credibility>9</credibility>
		<drug>Aspirin</drug>
		<adverseeffect>Hunger</adverseeffect>
		<drugusage>Aspirin->Hunger</drugusage>
	</record>
	<record>
		<username>Jarrod</username>
		<userid>36</userid>
		<age>5</age>
		<sex>female</sex>
		<height>177</height>
		<weight>117</weight>
		<credibility>1</credibility>
		<drug>Voltaren/Diclofenac</drug>
		<adverseeffect>Vertigo, Coma</adverseeffect>
		<drugusage>Voltaren/Diclofenac->Vertigo, Coma</drugusage>
	</record>
	<record>
		<username>Victor</username>
		<userid>37</userid>
		<age>8</age>
		<sex>female</sex>
		<height>177</height>
		<weight>93</weight>
		<credibility>3</credibility>
		<drug>Zyrtec/Cetirizine</drug>
		<adverseeffect></adverseeffect>
		<drugusage>Zyrtec/Cetirizine-></drugusage>
	</record>
	<record>
		<username>Talon</username>
		<userid>38</userid>
		<age>6</age>
		<sex>female</sex>
		<height>189</height>
		<weight>73</weight>
		<credibility>6</credibility>
		<drug>Diazepam</drug>
		<adverseeffect></adverseeffect>
		<drugusage>Diazepam-></drugusage>
	</record>
	<record>
		<username>Stewart</username>
		<userid>39</userid>
		<age>5</age>
		<sex>female</sex>
		<height>200</height>
		<weight>91</weight>
		<credibility>9</credibility>
		<drug>Dexpanthenol</drug>
		<adverseeffect>Vertigo, Tremor, Shock</adverseeffect>
		<drugusage>Dexpanthenol->Vertigo, Tremor, Shock</drugusage>
	</record>
	<record>
		<username>Donovan</username>
		<userid>40</userid>
		<age>1</age>
		<sex>female</sex>
		<height>161</height>
		<weight>79</weight>
		<credibility>5</credibility>
		<drug>Voltaren/Diclofenac</drug>
		<adverseeffect>Hypertension, Redness</adverseeffect>
		<drugusage>Voltaren/Diclofenac->Hypertension, Redness</drugusage>
	</record>
	<record>
		<username>Barrett</username>
		<userid>41</userid>
		<age>9</age>
		<sex>female</sex>
		<height>153</height>
		<weight>84</weight>
		<credibility>10</credibility>
		<drug>Zovirax/Acyclovir</drug>
		<adverseeffect></adverseeffect>
		<drugusage>Zovirax/Acyclovir-></drugusage>
	</record>
	<record>
		<username>Oliver</username>
		<userid>42</userid>
		<age>5</age>
		<sex>female</sex>
		<height>199</height>
		<weight>55</weight>
		<credibility>9</credibility>
		<drug>Dopamine</drug>
		<adverseeffect></adverseeffect>
		<drugusage>Dopamine-></drugusage>
	</record>
	<record>
		<username>Hashim</username>
		<userid>43</userid>
		<age>3</age>
		<sex>female</sex>
		<height>175</height>
		<weight>58</weight>
		<credibility>5</credibility>
		<drug>Voltaren/Diclofenac</drug>
		<adverseeffect>Depression, Migraine, Chest_pain</adverseeffect>
		<drugusage>Voltaren/Diclofenac->Depression, Migraine, Chest_pain</drugusage>
	</record>
	<record>
		<username>Alec</username>
		<userid>44</userid>
		<age>7</age>
		<sex>female</sex>
		<height>198</height>
		<weight>67</weight>
		<credibility>1</credibility>
		<drug>Dopamine</drug>
		<adverseeffect>Depression, Ear_pain</adverseeffect>
		<drugusage>Dopamine->Depression, Ear_pain</drugusage>
	</record>
	<record>
		<username>Holmes</username>
		<userid>45</userid>
		<age>10</age>
		<sex>female</sex>
		<height>182</height>
		<weight>89</weight>
		<credibility>4</credibility>
		<drug>Voltaren/Diclofenac</drug>
		<adverseeffect>Coma, Hypersensitivity, Shock</adverseeffect>
		<drugusage>Voltaren/Diclofenac->Coma, Hypersensitivity, Shock</drugusage>
	</record>
	<record>
		<username>Tobias</username>
		<userid>46</userid>
		<age>9</age>
		<sex>female</sex>
		<height>164</height>
		<weight>100</weight>
		<credibility>4</credibility>
		<drug>Diazepam</drug>
		<adverseeffect></adverseeffect>
		<drugusage>Diazepam-></drugusage>
	</record>
	<record>
		<username>Galvin</username>
		<userid>47</userid>
		<age>5</age>
		<sex>female</sex>
		<height>150</height>
		<weight>69</weight>
		<credibility>9</credibility>
		<drug>Dexpanthenol</drug>
		<adverseeffect></adverseeffect>
		<drugusage>Dexpanthenol-></drugusage>
	</record>
	<record>
		<username>Zeus</username>
		<userid>48</userid>
		<age>6</age>
		<sex>female</sex>
		<height>200</height>
		<weight>82</weight>
		<credibility>9</credibility>
		<drug>Dexpanthenol</drug>
		<adverseeffect>Anxiety, Headache</adverseeffect>
		<drugusage>Dexpanthenol->Anxiety, Headache</drugusage>
	</record>
	<record>
		<username>Prescott</username>
		<userid>49</userid>
		<age>2</age>
		<sex>female</sex>
		<height>182</height>
		<weight>61</weight>
		<credibility>7</credibility>
		<drug>Xanax/Alprazolam</drug>
		<adverseeffect></adverseeffect>
		<drugusage>Xanax/Alprazolam-></drugusage>
	</record>
	<record>
		<username>Xavier</username>
		<userid>50</userid>
		<age>6</age>
		<sex>female</sex>
		<height>198</height>
		<weight>74</weight>
		<credibility>3</credibility>
		<drug>Epinephrine</drug>
		<adverseeffect>Diarrhoea</adverseeffect>
		<drugusage>Epinephrine->Diarrhoea</drugusage>
	</record>
	<record>
		<username>Wang</username>
		<userid>51</userid>
		<age>9</age>
		<sex>female</sex>
		<height>181</height>
		<weight>68</weight>
		<credibility>4</credibility>
		<drug>Aspirin</drug>
		<adverseeffect>Anxiety, Diabetic, Sweating</adverseeffect>
		<drugusage>Aspirin->Anxiety, Diabetic, Sweating</drugusage>
	</record>
	<record>
		<username>Jacob</username>
		<userid>52</userid>
		<age>7</age>
		<sex>female</sex>
		<height>166</height>
		<weight>65</weight>
		<credibility>9</credibility>
		<drug>Epinephrine</drug>
		<adverseeffect></adverseeffect>
		<drugusage>Epinephrine-></drugusage>
	</record>
	<record>
		<username>Sean</username>
		<userid>53</userid>
		<age>1</age>
		<sex>female</sex>
		<height>160</height>
		<weight>108</weight>
		<credibility>9</credibility>
		<drug>Dexpanthenol</drug>
		<adverseeffect>Vomiting, Malaise, Dizziness</adverseeffect>
		<drugusage>Dexpanthenol->Vomiting, Malaise, Dizziness</drugusage>
	</record>
	<record>
		<username>Emmanuel</username>
		<userid>54</userid>
		<age>1</age>
		<sex>female</sex>
		<height>161</height>
		<weight>72</weight>
		<credibility>7</credibility>
		<drug>Baclofen</drug>
		<adverseeffect>Chest_pain, Coma, Ear_pain</adverseeffect>
		<drugusage>Baclofen->Chest_pain, Coma, Ear_pain</drugusage>
	</record>
	<record>
		<username>Dolan</username>
		<userid>55</userid>
		<age>8</age>
		<sex>female</sex>
		<height>179</height>
		<weight>99</weight>
		<credibility>9</credibility>
		<drug>Ventolin/Salbutamol</drug>
		<adverseeffect>Dizziness</adverseeffect>
		<drugusage>Ventolin/Salbutamol->Dizziness</drugusage>
	</record>
	<record>
		<username>Buckminster</username>
		<userid>56</userid>
		<age>7</age>
		<sex>female</sex>
		<height>160</height>
		<weight>60</weight>
		<credibility>7</credibility>
		<drug>Ventolin/Salbutamol</drug>
		<adverseeffect>Ear_pain, Dizziness</adverseeffect>
		<drugusage>Ventolin/Salbutamol->Ear_pain, Dizziness</drugusage>
	</record>
	<record>
		<username>Erasmus</username>
		<userid>57</userid>
		<age>4</age>
		<sex>female</sex>
		<height>162</height>
		<weight>68</weight>
		<credibility>2</credibility>
		<drug>Ibuprofen</drug>
		<adverseeffect>Migraine</adverseeffect>
		<drugusage>Ibuprofen->Migraine</drugusage>
	</record>
	<record>
		<username>Neville</username>
		<userid>58</userid>
		<age>5</age>
		<sex>female</sex>
		<height>185</height>
		<weight>93</weight>
		<credibility>6</credibility>
		<drug>Dexpanthenol</drug>
		<adverseeffect>Hypertension, Ulcer</adverseeffect>
		<drugusage>Dexpanthenol->Hypertension, Ulcer</drugusage>
	</record>
	<record>
		<username>Allistair</username>
		<userid>59</userid>
		<age>1</age>
		<sex>female</sex>
		<height>177</height>
		<weight>79</weight>
		<credibility>2</credibility>
		<drug>Ibuprofen</drug>
		<adverseeffect>Chest_pain, Ulcer</adverseeffect>
		<drugusage>Ibuprofen->Chest_pain, Ulcer</drugusage>
	</record>
	<record>
		<username>Byron</username>
		<userid>60</userid>
		<age>7</age>
		<sex>female</sex>
		<height>171</height>
		<weight>111</weight>
		<credibility>2</credibility>
		<drug>Baclofen</drug>
		<adverseeffect>Diabetic, Sweating</adverseeffect>
		<drugusage>Baclofen->Diabetic, Sweating</drugusage>
	</record>
	<record>
		<username>Gray</username>
		<userid>61</userid>
		<age>9</age>
		<sex>female</sex>
		<height>168</height>
		<weight>92</weight>
		<credibility>1</credibility>
		<drug>Aspirin</drug>
		<adverseeffect>Dizziness</adverseeffect>
		<drugusage>Aspirin->Dizziness</drugusage>
	</record>
	<record>
		<username>Ivor</username>
		<userid>62</userid>
		<age>3</age>
		<sex>female</sex>
		<height>155</height>
		<weight>72</weight>
		<credibility>2</credibility>
		<drug>Voltaren/Diclofenac</drug>
		<adverseeffect>Vertigo, Chest_pain</adverseeffect>
		<drugusage>Voltaren/Diclofenac->Vertigo, Chest_pain</drugusage>
	</record>
	<record>
		<username>Harper</username>
		<userid>63</userid>
		<age>6</age>
		<sex>female</sex>
		<height>156</height>
		<weight>98</weight>
		<credibility>4</credibility>
		<drug>Voltaren/Diclofenac</drug>
		<adverseeffect>Vertigo, Depression</adverseeffect>
		<drugusage>Voltaren/Diclofenac->Vertigo, Depression</drugusage>
	</record>
	<record>
		<username>Chancellor</username>
		<userid>64</userid>
		<age>1</age>
		<sex>female</sex>
		<height>155</height>
		<weight>60</weight>
		<credibility>7</credibility>
		<drug>Xanax/Alprazolam</drug>
		<adverseeffect></adverseeffect>
		<drugusage>Xanax/Alprazolam-></drugusage>
	</record>
	<record>
		<username>Owen</username>
		<userid>65</userid>
		<age>8</age>
		<sex>female</sex>
		<height>173</height>
		<weight>55</weight>
		<credibility>1</credibility>
		<drug>Diazepam</drug>
		<adverseeffect>Migraine, Dizziness</adverseeffect>
		<drugusage>Diazepam->Migraine, Dizziness</drugusage>
	</record>
	<record>
		<username>Ivan</username>
		<userid>66</userid>
		<age>5</age>
		<sex>female</sex>
		<height>151</height>
		<weight>77</weight>
		<credibility>5</credibility>
		<drug>Parol</drug>
		<adverseeffect>Malaise</adverseeffect>
		<drugusage>Parol->Malaise</drugusage>
	</record>
	<record>
		<username>Alec</username>
		<userid>67</userid>
		<age>7</age>
		<sex>female</sex>
		<height>187</height>
		<weight>107</weight>
		<credibility>3</credibility>
		<drug>Xanax/Alprazolam</drug>
		<adverseeffect></adverseeffect>
		<drugusage>Xanax/Alprazolam-></drugusage>
	</record>
	<record>
		<username>Burton</username>
		<userid>68</userid>
		<age>1</age>
		<sex>female</sex>
		<height>169</height>
		<weight>77</weight>
		<credibility>1</credibility>
		<drug>Zyrtec/Cetirizine</drug>
		<adverseeffect>Redness</adverseeffect>
		<drugusage>Zyrtec/Cetirizine->Redness</drugusage>
	</record>
	<record>
		<username>Baker</username>
		<userid>69</userid>
		<age>10</age>
		<sex>female</sex>
		<height>162</height>
		<weight>99</weight>
		<credibility>2</credibility>
		<drug>EpiPen</drug>
		<adverseeffect>Vertigo, Chest_pain</adverseeffect>
		<drugusage>EpiPen->Vertigo, Chest_pain</drugusage>
	</record>
	<record>
		<username>Herman</username>
		<userid>70</userid>
		<age>7</age>
		<sex>female</sex>
		<height>170</height>
		<weight>101</weight>
		<credibility>9</credibility>
		<drug>Dopamine</drug>
		<adverseeffect>Headache, Hypersensitivity</adverseeffect>
		<drugusage>Dopamine->Headache, Hypersensitivity</drugusage>
	</record>
	<record>
		<username>Tate</username>
		<userid>71</userid>
		<age>7</age>
		<sex>female</sex>
		<height>182</height>
		<weight>70</weight>
		<credibility>2</credibility>
		<drug>Ventolin/Salbutamol</drug>
		<adverseeffect></adverseeffect>
		<drugusage>Ventolin/Salbutamol-></drugusage>
	</record>
	<record>
		<username>Thomas</username>
		<userid>72</userid>
		<age>2</age>
		<sex>female</sex>
		<height>164</height>
		<weight>76</weight>
		<credibility>9</credibility>
		<drug>Panadol/Acetaminophen</drug>
		<adverseeffect>Coma, Sweating, Hunger</adverseeffect>
		<drugusage>Panadol/Acetaminophen->Coma, Sweating, Hunger</drugusage>
	</record>
	<record>
		<username>Wylie</username>
		<userid>73</userid>
		<age>7</age>
		<sex>female</sex>
		<height>179</height>
		<weight>91</weight>
		<credibility>4</credibility>
		<drug>Xanax/Alprazolam</drug>
		<adverseeffect></adverseeffect>
		<drugusage>Xanax/Alprazolam-></drugusage>
	</record>
	<record>
		<username>Kermit</username>
		<userid>74</userid>
		<age>8</age>
		<sex>female</sex>
		<height>174</height>
		<weight>96</weight>
		<credibility>2</credibility>
		<drug>Xanax/Alprazolam</drug>
		<adverseeffect>Hunger, Shock</adverseeffect>
		<drugusage>Xanax/Alprazolam->Hunger, Shock</drugusage>
	</record>
	<record>
		<username>Harding</username>
		<userid>75</userid>
		<age>3</age>
		<sex>female</sex>
		<height>153</height>
		<weight>106</weight>
		<credibility>2</credibility>
		<drug>Baclofen</drug>
		<adverseeffect>Chest_pain</adverseeffect>
		<drugusage>Baclofen->Chest_pain</drugusage>
	</record>
	<record>
		<username>Todd</username>
		<userid>76</userid>
		<age>4</age>
		<sex>female</sex>
		<height>172</height>
		<weight>72</weight>
		<credibility>10</credibility>
		<drug>Parol</drug>
		<adverseeffect>Tremor</adverseeffect>
		<drugusage>Parol->Tremor</drugusage>
	</record>
	<record>
		<username>Upton</username>
		<userid>77</userid>
		<age>6</age>
		<sex>female</sex>
		<height>159</height>
		<weight>85</weight>
		<credibility>9</credibility>
		<drug>Vasopressin</drug>
		<adverseeffect>Migraine, Diabetic, Dizziness</adverseeffect>
		<drugusage>Vasopressin->Migraine, Diabetic, Dizziness</drugusage>
	</record>
	<record>
		<username>Zeus</username>
		<userid>78</userid>
		<age>2</age>
		<sex>female</sex>
		<height>197</height>
		<weight>61</weight>
		<credibility>5</credibility>
		<drug>Baclofen</drug>
		<adverseeffect></adverseeffect>
		<drugusage>Baclofen-></drugusage>
	</record>
	<record>
		<username>Elliott</username>
		<userid>79</userid>
		<age>10</age>
		<sex>female</sex>
		<height>167</height>
		<weight>77</weight>
		<credibility>5</credibility>
		<drug>Dopamine</drug>
		<adverseeffect>Coma, Hypersensitivity, Asthma</adverseeffect>
		<drugusage>Dopamine->Coma, Hypersensitivity, Asthma</drugusage>
	</record>
	<record>
		<username>Wayne</username>
		<userid>80</userid>
		<age>9</age>
		<sex>female</sex>
		<height>154</height>
		<weight>113</weight>
		<credibility>8</credibility>
		<drug>Diazepam</drug>
		<adverseeffect>Headache, Anxiety</adverseeffect>
		<drugusage>Diazepam->Headache, Anxiety</drugusage>
	</record>
	<record>
		<username>Roth</username>
		<userid>81</userid>
		<age>3</age>
		<sex>female</sex>
		<height>181</height>
		<weight>76</weight>
		<credibility>7</credibility>
		<drug>EpiPen</drug>
		<adverseeffect>Hunger</adverseeffect>
		<drugusage>EpiPen->Hunger</drugusage>
	</record>
	<record>
		<username>Brennan</username>
		<userid>82</userid>
		<age>9</age>
		<sex>female</sex>
		<height>155</height>
		<weight>66</weight>
		<credibility>10</credibility>
		<drug>Ibuprofen</drug>
		<adverseeffect>Anxiety</adverseeffect>
		<drugusage>Ibuprofen->Anxiety</drugusage>
	</record>
	<record>
		<username>Gannon</username>
		<userid>83</userid>
		<age>4</age>
		<sex>female</sex>
		<height>184</height>
		<weight>103</weight>
		<credibility>7</credibility>
		<drug>Majezik</drug>
		<adverseeffect>Hunger, Vomiting</adverseeffect>
		<drugusage>Majezik->Hunger, Vomiting</drugusage>
	</record>
	<record>
		<username>Stewart</username>
		<userid>84</userid>
		<age>8</age>
		<sex>female</sex>
		<height>164</height>
		<weight>73</weight>
		<credibility>4</credibility>
		<drug>Xanax/Alprazolam</drug>
		<adverseeffect></adverseeffect>
		<drugusage>Xanax/Alprazolam-></drugusage>
	</record>
	<record>
		<username>Adam</username>
		<userid>85</userid>
		<age>1</age>
		<sex>female</sex>
		<height>150</height>
		<weight>61</weight>
		<credibility>10</credibility>
		<drug>Zyrtec/Cetirizine</drug>
		<adverseeffect>Hypersensitivity, Migraine, Diarrhoea</adverseeffect>
		<drugusage>Zyrtec/Cetirizine->Hypersensitivity, Migraine, Diarrhoea</drugusage>
	</record>
	<record>
		<username>Julian</username>
		<userid>86</userid>
		<age>10</age>
		<sex>female</sex>
		<height>165</height>
		<weight>81</weight>
		<credibility>5</credibility>
		<drug>Parol</drug>
		<adverseeffect>Headache</adverseeffect>
		<drugusage>Parol->Headache</drugusage>
	</record>
	<record>
		<username>Alexander</username>
		<userid>87</userid>
		<age>8</age>
		<sex>female</sex>
		<height>155</height>
		<weight>97</weight>
		<credibility>5</credibility>
		<drug>Dexpanthenol</drug>
		<adverseeffect></adverseeffect>
		<drugusage>Dexpanthenol-></drugusage>
	</record>
	<record>
		<username>Raymond</username>
		<userid>88</userid>
		<age>10</age>
		<sex>female</sex>
		<height>197</height>
		<weight>70</weight>
		<credibility>10</credibility>
		<drug>Ventolin/Salbutamol</drug>
		<adverseeffect>Depression, Vertigo, Hypersensitivity</adverseeffect>
		<drugusage>Ventolin/Salbutamol->Depression, Vertigo, Hypersensitivity</drugusage>
	</record>
	<record>
		<username>Vaughan</username>
		<userid>89</userid>
		<age>3</age>
		<sex>female</sex>
		<height>171</height>
		<weight>79</weight>
		<credibility>3</credibility>
		<drug>Ibuprofen</drug>
		<adverseeffect>Chest_pain, Hypertension, Diarrhoea</adverseeffect>
		<drugusage>Ibuprofen->Chest_pain, Hypertension, Diarrhoea</drugusage>
	</record>
	<record>
		<username>Carson</username>
		<userid>90</userid>
		<age>8</age>
		<sex>female</sex>
		<height>173</height>
		<weight>92</weight>
		<credibility>9</credibility>
		<drug>Aspirin</drug>
		<adverseeffect></adverseeffect>
		<drugusage>Aspirin-></drugusage>
	</record>
	<record>
		<username>Lucius</username>
		<userid>91</userid>
		<age>1</age>
		<sex>female</sex>
		<height>151</height>
		<weight>59</weight>
		<credibility>7</credibility>
		<drug>Nitroglycerin</drug>
		<adverseeffect></adverseeffect>
		<drugusage>Nitroglycerin-></drugusage>
	</record>
	<record>
		<username>Aidan</username>
		<userid>92</userid>
		<age>9</age>
		<sex>female</sex>
		<height>156</height>
		<weight>114</weight>
		<credibility>4</credibility>
		<drug>Dexpanthenol</drug>
		<adverseeffect>Depression, Malaise</adverseeffect>
		<drugusage>Dexpanthenol->Depression, Malaise</drugusage>
	</record>
	<record>
		<username>Ferris</username>
		<userid>93</userid>
		<age>6</age>
		<sex>female</sex>
		<height>162</height>
		<weight>102</weight>
		<credibility>2</credibility>
		<drug>Ibuprofen</drug>
		<adverseeffect>Redness, Diarrhoea</adverseeffect>
		<drugusage>Ibuprofen->Redness, Diarrhoea</drugusage>
	</record>
	<record>
		<username>Buckminster</username>
		<userid>94</userid>
		<age>7</age>
		<sex>female</sex>
		<height>175</height>
		<weight>55</weight>
		<credibility>5</credibility>
		<drug>Parol</drug>
		<adverseeffect></adverseeffect>
		<drugusage>Parol-></drugusage>
	</record>
	<record>
		<username>Jasper</username>
		<userid>95</userid>
		<age>1</age>
		<sex>female</sex>
		<height>186</height>
		<weight>114</weight>
		<credibility>2</credibility>
		<drug>EpiPen</drug>
		<adverseeffect>Shock, Tremor, Diarrhoea</adverseeffect>
		<drugusage>EpiPen->Shock, Tremor, Diarrhoea</drugusage>
	</record>
	<record>
		<username>Nehru</username>
		<userid>96</userid>
		<age>9</age>
		<sex>female</sex>
		<height>151</height>
		<weight>87</weight>
		<credibility>2</credibility>
		<drug>Baclofen</drug>
		<adverseeffect>Vertigo</adverseeffect>
		<drugusage>Baclofen->Vertigo</drugusage>
	</record>
	<record>
		<username>Barrett</username>
		<userid>97</userid>
		<age>2</age>
		<sex>female</sex>
		<height>196</height>
		<weight>107</weight>
		<credibility>9</credibility>
		<drug>Majezik</drug>
		<adverseeffect>Dizziness</adverseeffect>
		<drugusage>Majezik->Dizziness</drugusage>
	</record>
	<record>
		<username>Davis</username>
		<userid>98</userid>
		<age>7</age>
		<sex>female</sex>
		<height>171</height>
		<weight>88</weight>
		<credibility>4</credibility>
		<drug>Aspirin</drug>
		<adverseeffect></adverseeffect>
		<drugusage>Aspirin-></drugusage>
	</record>
	<record>
		<username>Martin</username>
		<userid>99</userid>
		<age>5</age>
		<sex>female</sex>
		<height>175</height>
		<weight>76</weight>
		<credibility>5</credibility>
		<drug>Nitroglycerin</drug>
		<adverseeffect></adverseeffect>
		<drugusage>Nitroglycerin-></drugusage>
	</record>
	<record>
		<username>Jackson</username>
		<userid>100</userid>
		<age>9</age>
		<sex>female</sex>
		<height>170</height>
		<weight>83</weight>
		<credibility>1</credibility>
		<drug>Baclofen</drug>
		<adverseeffect>Diarrhoea, Migraine</adverseeffect>
		<drugusage>Baclofen->Diarrhoea, Migraine</drugusage>
	</record>
</records>